google_id,amazon_id,lexical_score,dense_score,lexical_rank,dense_rank,rrf_score,rrf_rank,retrieval_sources,gold_injected,lexical_similarity,dense_similarity,title_token_jaccard,title_fuzzy_similarity,manufacturer_exact,manufacturer_fuzzy_similarity,model_token_jaccard,numeric_token_conflict,relative_price_difference,query_manufacturer_missing,candidate_manufacturer_missing,query_description_missing,candidate_description_missing,query_price_missing,candidate_price_missing,retrieval_source_agreement,reciprocal_lexical_rank,reciprocal_dense_rank,probability,duplicate_group_id,top1_top2_margin,has_gold_listing,is_gold_pair,gold_retrieved,ranking_outcome,action,action_correct
http://www.google.com/base/feeds/snippets/10037496043372027473,b0002i6l7g,0.16664635542931552,0.42461076378822327,8,9,0.02919863597612958,5,lexical+dense,False,0.16664635542931552,0.42461076378822327,0.18181818181818182,0.6222222222222222,0.0,0.0,1.0,0.0,0.2500708345139086,1.0,0.0,0.0,0.0,0.0,0.0,1.0,0.125,0.1111111111111111,0.016553131256870246,duplicate_537722796cb4220e,0.013291298019707505,False,False,False,assumed_no_match,auto_no_match,True
http://www.google.com/base/feeds/snippets/10053807702206861703,b0006g2zce,0.11657217241772791,0.4737583100795746,12,4,0.029513888888888888,5,lexical+dense,False,0.11657217241772791,0.4737583100795746,0.05263157894736842,0.4094488188976378,0.0,0.0,0.0,1.0,0.03961511315261556,1.0,0.0,1.0,0.0,0.0,0.0,1.0,0.08333333333333333,0.25,0.006382118766918836,duplicate_926bcbf66f84ec87,0.003938764182720541,False,False,False,assumed_no_match,auto_no_match,True
http://www.google.com/base/feeds/snippets/10073523251870401694,b000saufpw,0.5842667476969572,0.7469556331634521,1,1,0.03278688524590164,1,lexical+dense,False,0.5842667476969572,0.7469556331634521,0.3076923076923077,1.0,0.0,0.0,0.2,1.0,0.0910910910910911,1.0,0.0,0.0,0.0,0.0,0.0,1.0,1.0,1.0,0.5393398226638841,duplicate_0c962765871b56b9,0.49233369049225945,True,True,True,top_gold_match,manual_review,
http://www.google.com/base/feeds/snippets/1013779264515164589,b000ic4f1u,0.14138833026490313,0.26538363099098206,2,,0.016129032258064516,4,lexical,False,0.14138833026490313,0.26538363099098206,0.3333333333333333,0.7111111111111111,0.0,0.0,0.0,0.0,0.3118316660917558,1.0,0.0,0.0,0.0,0.0,0.0,0.0,0.5,0.0,0.01533481572125578,duplicate_cf075207f524e55b,0.012137742466293882,False,False,False,assumed_no_match,auto_no_match,True
http://www.google.com/base/feeds/snippets/10167966986525901216,b000qjrska,0.03817600501258853,0.38147109746932983,,6,0.015151515151515152,11,dense,False,0.03817600501258853,0.38147109746932983,0.0,0.3,0.0,0.2068965517241379,0.0,0.0,0.03334444814938313,0.0,0.0,0.0,0.0,0.0,0.0,0.0,0.0,0.16666666666666666,0.019131071138820455,duplicate_8a8a33ff2dd90cfe,0.008103401467005453,False,False,False,assumed_no_match,auto_no_match,True
http://www.google.com/base/feeds/snippets/1020259068625506033,b000ndicuy,0.13716966255144936,0.6703589558601379,,1,0.01639344262295082,2,dense,False,0.13716966255144936,0.6703589558601379,0.6,0.8636363636363636,0.0,0.0,1.0,0.0,0.6655852842809364,1.0,0.0,0.0,0.0,0.0,0.0,0.0,0.0,1.0,0.039475920935453455,duplicate_18187fe30c2b9868,0.03656452883221116,False,False,False,assumed_no_match,manual_review,
http://www.google.com/base/feeds/snippets/10206096308013781162,b00006jo4g,0.36069773400877836,0.671166718006134,3,5,0.03125763125763126,3,lexical+dense,False,0.36069773400877836,0.671166718006134,0.5,1.0,0.0,0.9655172413793103,0.0,0.0,0.08001600320064013,0.0,0.0,0.0,0.0,0.0,0.0,1.0,0.3333333333333333,0.2,0.5976714173726377,duplicate_0e28182f7b397819,0.4193725431201756,True,True,True,top_gold_match,manual_review,
http://www.google.com/base/feeds/snippets/10234253190929771197,b000ej9w0g,0.1913209243240063,0.39575695991516113,4,,0.015625,14,lexical,False,0.1913209243240063,0.39575695991516113,0.038461538461538464,0.45,0.0,0.0,0.0,1.0,0.07318840579710141,1.0,0.0,0.0,0.0,0.0,0.0,0.0,0.25,0.0,0.004342501898394952,duplicate_12f645e302ca8b2b,0.0004196296476069493,False,False,False,assumed_no_match,auto_no_match,True
http://www.google.com/base/feeds/snippets/10262662558780252759,b000hcz9ac,0.14793939931099764,0.19801265001296997,9,,0.014492753623188406,16,lexical,False,0.14793939931099764,0.19801265001296997,0.0,0.33599999999999997,0.0,0.0,0.0,0.0,0.10005002501250625,1.0,0.0,0.0,0.0,0.0,0.0,0.0,0.1111111111111111,0.0,0.0022989335120986018,duplicate_2f6144872cc94306,0.0012373980076546155,False,False,False,assumed_no_match,auto_no_match,True
http://www.google.com/base/feeds/snippets/10619045484937826869,b000i84dum,0.13600371726039615,0.400141179561615,8,2,0.030834914611005692,1,lexical+dense,False,0.13600371726039615,0.400141179561615,0.0,0.375,0.0,0.0,0.0,0.0,0.10455227613806904,1.0,0.0,0.0,0.0,0.0,0.0,1.0,0.125,0.5,0.004695004454693539,duplicate_b08a93cde0059b59,0.00025244581164380036,False,False,False,assumed_no_match,auto_no_match,True
http://www.google.com/base/feeds/snippets/10653650044147063663,b000bndgzw,0.1712567573657992,0.3175739347934723,2,,0.016129032258064516,12,lexical,False,0.1712567573657992,0.3175739347934723,0.0,0.2307692307692308,0.0,0.0,0.0,0.0,0.12075471698113206,1.0,0.0,0.0,0.0,0.0,0.0,0.0,0.5,0.0,0.0017910503206706692,duplicate_cc11c359d2542c90,0.00048044930019867016,False,False,False,assumed_no_match,auto_no_match,True
http://www.google.com/base/feeds/snippets/10684672402205616674,b000hcz9ac,0.14355991083203606,0.10330375283956528,8,,0.014705882352941176,15,lexical,False,0.14355991083203606,0.10330375283956528,0.0,0.3307086614173228,0.0,0.0,0.0,0.0,0.009504752376188122,1.0,0.0,0.0,0.0,0.0,0.0,0.0,0.125,0.0,0.002544760080952164,duplicate_5e8d5c6d220ec558,0.0018018813228224814,False,False,False,assumed_no_match,auto_no_match,True
http://www.google.com/base/feeds/snippets/10686405526722482213,b000om8fba,0.42913165873988146,0.8126348853111267,1,1,0.03278688524590164,1,lexical+dense,False,0.42913165873988146,0.8126348853111267,0.4,0.9166666666666667,0.0,0.0,0.0,1.0,0.0008001600320063842,1.0,0.0,0.0,0.0,0.0,0.0,1.0,1.0,1.0,0.5031454557992934,duplicate_028f4f71b9dfaa01,0.41771502403924454,True,True,True,top_gold_match,manual_review,
http://www.google.com/base/feeds/snippets/10688959294324458483,b000hlv6mi,0.6665947390604139,0.7790935635566711,1,1,0.03278688524590164,1,lexical+dense,False,0.6665947390604139,0.7790935635566711,0.7777777777777778,0.9423076923076923,0.0,0.0,0.0,0.0,0.0,1.0,0.0,0.0,0.0,0.0,0.0,1.0,1.0,1.0,0.9165132908683621,duplicate_85ab755b18a47b8f,0.8172176792039484,True,True,True,top_gold_match,manual_review,
http://www.google.com/base/feeds/snippets/10713659865788525116,b0009i5px0,0.3834064362665705,0.8025721907615662,1,1,0.03278688524590164,1,lexical+dense,False,0.3834064362665705,0.8025721907615662,0.3333333333333333,0.6060606060606061,0.0,0.0,0.0,1.0,0.07090779127948546,1.0,0.0,0.0,0.0,0.0,0.0,1.0,1.0,1.0,0.09452698111198275,duplicate_ee0dba62d8a2530c,0.08438264608021412,True,True,True,top_gold_match,manual_review,
http://www.google.com/base/feeds/snippets/10720405921949933758,b000pgaimo,0.5670003715386309,0.742121160030365,1,1,0.03278688524590164,1,lexical+dense,False,0.5670003715386309,0.742121160030365,0.2727272727272727,0.7,0.0,0.0,0.0,1.0,0.0,1.0,0.0,0.0,1.0,0.0,1.0,1.0,1.0,1.0,0.06498146134540302,duplicate_310650accfe785fd,0.010597732967556207,True,False,True,reranking_miss,manual_review,
http://www.google.com/base/feeds/snippets/10720887667449998069,b000q1n7du,0.38579642015242693,0.6240758895874023,2,1,0.03252247488101534,1,lexical+dense,False,0.38579642015242693,0.6240758895874023,0.625,1.0,0.0,0.0,1.0,0.0,0.0,1.0,0.0,0.0,0.0,0.0,0.0,1.0,0.5,1.0,0.7671946049487505,duplicate_53049fb28b3dcb2b,0.5060741078727174,True,True,True,top_gold_match,manual_review,
http://www.google.com/base/feeds/snippets/10827782844634609439,b0002iwyke,0.2584536596296648,0.637137234210968,3,1,0.032266458495966696,1,lexical+dense,False,0.2584536596296648,0.637137234210968,0.3333333333333333,0.8125,0.0,0.0,1.0,0.0,0.1670833333333334,1.0,0.0,0.0,0.0,0.0,0.0,1.0,0.3333333333333333,1.0,0.1810847486222761,duplicate_45fb89cd54ba37d1,0.17577030995161957,True,True,True,top_gold_match,manual_review,
http://www.google.com/base/feeds/snippets/10834301366840736522,b000ndib8m,0.23105875287984345,0.6625147461891174,3,3,0.031746031746031744,3,lexical+dense,False,0.23105875287984345,0.6625147461891174,1.0,0.9259259259259259,0.0,0.0,1.0,0.0,0.0,1.0,0.0,0.0,0.0,0.0,0.0,1.0,0.3333333333333333,0.3333333333333333,0.7690835734707854,duplicate_27c6164aaa917895,0.6889129874396489,True,True,True,top_gold_match,manual_review,
http://www.google.com/base/feeds/snippets/10860328087723738141,b000ffcdim,0.13650793238619624,0.33072739839553833,,4,0.015625,9,dense,False,0.13650793238619624,0.33072739839553833,0.15384615384615385,0.46808510638297873,0.0,0.0,0.0,0.0,0.2841975688567471,1.0,0.0,0.0,0.0,0.0,0.0,0.0,0.0,0.25,0.003907101356217929,duplicate_75996a3a4d7a4f9a,0.002526670766318041,False,False,False,assumed_no_match,auto_no_match,True
http://www.google.com/base/feeds/snippets/10898705926445837951,b00029bosq,0.9057521701523278,0.9016003012657166,1,1,0.03278688524590164,1,lexical+dense,False,0.9057521701523278,0.9016003012657166,1.0,1.0,0.0,0.0,0.0,0.0,0.667779632721202,1.0,0.0,0.0,0.0,0.0,0.0,1.0,1.0,1.0,0.7739412228414381,duplicate_b558c2141b4496f8,0.6611562422327913,False,False,False,assumed_no_match,manual_review,
http://www.google.com/base/feeds/snippets/10941780861754107505,b0000swyw4,0.1740773958588499,0.3476391136646271,4,,0.015625,8,lexical,False,0.1740773958588499,0.3476391136646271,0.0,0.3820224719101124,0.0,0.0,0.0,1.0,0.0,1.0,0.0,0.0,0.0,0.0,1.0,0.0,0.25,0.0,0.0007751331009614096,duplicate_cff2136af5d26663,0.00013172439164927784,False,False,False,assumed_no_match,auto_no_match,True
http://www.google.com/base/feeds/snippets/10993073455692001778,b000b6vlh4,0.4473556897320878,0.8039876222610474,2,1,0.03252247488101534,1,lexical+dense,False,0.4473556897320878,0.8039876222610474,0.6666666666666666,1.0,0.0,0.0,1.0,0.0,0.5415415415415415,1.0,0.0,0.0,0.0,0.0,0.0,1.0,0.5,1.0,0.3853444494521688,duplicate_cddf3d3f8546f988,0.27976774543411204,True,True,True,top_gold_match,manual_review,
http://www.google.com/base/feeds/snippets/11029185598470444071,b000bgpqos,0.7725947333706759,0.8702656626701355,1,1,0.03278688524590164,1,lexical+dense,False,0.7725947333706759,0.8702656626701355,0.375,0.8955223880597015,0.0,0.0,0.0,1.0,0.09702425606401606,1.0,0.0,0.0,0.0,0.0,0.0,1.0,1.0,1.0,0.6472323134198074,duplicate_21e968ceda42f045,0.4890561788731135,True,True,True,top_gold_match,manual_review,
http://www.google.com/base/feeds/snippets/11041238021562109147,b0008ews6w,0.5959071666467877,0.8442357778549194,1,2,0.03252247488101534,1,lexical+dense,False,0.5959071666467877,0.8442357778549194,1.0,1.0,0.0,0.0,1.0,0.0,0.10878288007133309,1.0,0.0,0.0,0.0,0.0,0.0,1.0,1.0,0.5,0.9379382403726283,duplicate_31c389c842f61c1a,0.23790691434638456,True,True,True,top_gold_match,manual_review,
http://www.google.com/base/feeds/snippets/11074001228753734927,b000rlqnr6,0.17506687039102808,0.4702799618244171,4,8,0.030330882352941176,3,lexical+dense,False,0.17506687039102808,0.4702799618244171,0.0,0.37383177570093457,0.0,0.0,0.0,1.0,0.13337779259753252,1.0,0.0,0.0,0.0,0.0,0.0,1.0,0.25,0.125,0.0023931433110025205,duplicate_1a60df1cc75f5d01,0.0009125118401847958,False,False,False,assumed_no_match,auto_no_match,True
http://www.google.com/base/feeds/snippets/11117774223029062148,b000fovsei,0.25481892305430076,0.7584829330444336,3,1,0.032266458495966696,1,lexical+dense,False,0.25481892305430076,0.7584829330444336,0.18181818181818182,0.8888888888888888,0.0,0.0,0.0,0.0,0.2302302302302302,1.0,0.0,0.0,0.0,0.0,0.0,1.0,0.3333333333333333,1.0,0.19204699722942953,duplicate_8248080ce0ba2ec0,0.16049769325533067,True,True,True,top_gold_match,manual_review,
http://www.google.com/base/feeds/snippets/11179585669816570240,b00006jk50,0.7704104682901388,0.7956641912460327,1,1,0.03278688524590164,1,lexical+dense,False,0.7704104682901388,0.7956641912460327,0.5,1.0,0.0,0.0,0.0,0.0,0.3043043043043043,1.0,0.0,0.0,0.0,0.0,0.0,1.0,1.0,1.0,0.7568478570410663,duplicate_7208221303865f57,0.754511855377613,False,False,False,assumed_no_match,manual_review,
http://www.google.com/base/feeds/snippets/11194384748675552467,b000ias0i6,0.7195037193397189,0.8521860837936401,1,1,0.03278688524590164,1,lexical+dense,False,0.7195037193397189,0.8521860837936401,1.0,1.0,0.0,0.0,0.0,0.0,0.5513784461152882,1.0,0.0,0.0,0.0,0.0,0.0,1.0,1.0,1.0,0.7422114183837271,duplicate_b045116513ee46af,0.7371105312136833,False,False,False,assumed_no_match,manual_review,
http://www.google.com/base/feeds/snippets/11267581873345425673,b0002b0qfg,0.858593629358192,0.7731465697288513,1,1,0.03278688524590164,1,lexical+dense,False,0.858593629358192,0.7731465697288513,0.6,1.0,0.0,0.0,0.0,0.0,0.3533834586466165,1.0,0.0,0.0,0.0,0.0,0.0,1.0,1.0,1.0,0.7894512990263206,duplicate_e332cf563a7f4db7,0.7244287172042859,True,True,True,top_gold_match,manual_review,
http://www.google.com/base/feeds/snippets/11294551601294188336,b000om7diq,0.3517321456925872,0.786950945854187,2,1,0.03252247488101534,1,lexical+dense,False,0.3517321456925872,0.786950945854187,0.6666666666666666,0.9545454545454546,0.0,0.0,0.0,1.0,0.03337917239654959,1.0,0.0,0.0,0.0,0.0,0.0,1.0,0.5,1.0,0.5772130386460931,duplicate_85c257dbc4aacbd7,0.4725053932832018,True,True,True,top_gold_match,manual_review,
http://www.google.com/base/feeds/snippets/11321736152221350531,b000o3bj3k,0.42567339027371076,0.7215763330459595,1,1,0.03278688524590164,1,lexical+dense,False,0.42567339027371076,0.7215763330459595,0.3333333333333333,0.9019607843137254,0.0,0.0,0.0,1.0,0.3760940235058765,1.0,0.0,0.0,0.0,0.0,0.0,1.0,1.0,1.0,0.1036408484953729,duplicate_e598003cbb00f3ef,0.041986891656613685,False,False,False,assumed_no_match,manual_review,
http://www.google.com/base/feeds/snippets/11334162848264856995,b000fer1d0,0.47915260995563164,0.8473160266876221,6,1,0.031544957774465976,3,lexical+dense,False,0.47915260995563164,0.8473160266876221,0.25,0.8936170212765957,0.0,0.0,0.0,1.0,0.1328881469115192,1.0,0.0,0.0,0.0,0.0,0.0,1.0,0.16666666666666666,1.0,0.31725513478106077,duplicate_1c124db9ba7bca8e,0.09163384754736464,False,False,False,assumed_no_match,manual_review,
http://www.google.com/base/feeds/snippets/11347715051073156775,b00079yoii,0.21279745032578537,0.3098702132701874,1,7,0.03131881575727918,1,lexical+dense,False,0.21279745032578537,0.3098702132701874,0.0,0.3278688524590164,0.0,0.0,0.0,0.0,0.0,1.0,0.0,0.0,0.0,0.0,1.0,1.0,1.0,0.14285714285714285,0.0013819931828814823,duplicate_eb66ee914b135dad,7.944026425253225e-05,False,False,False,assumed_no_match,auto_no_match,True
http://www.google.com/base/feeds/snippets/11524039735478682676,b000brm3xe,0.4417225939626598,0.831116795539856,1,1,0.03278688524590164,1,lexical+dense,False,0.4417225939626598,0.831116795539856,0.75,0.9494949494949495,0.0,0.0,1.0,0.0,0.08001600320064013,1.0,0.0,0.0,0.0,0.0,0.0,1.0,1.0,1.0,0.8271083690837563,duplicate_a7e2f90032ab671d,0.2975408405949771,True,False,True,reranking_miss,manual_review,
http://www.google.com/base/feeds/snippets/11535212549649729511,b000pgvk5s,0.22529085292146103,0.5782701373100281,7,11,0.02900988017658188,4,lexical+dense,False,0.22529085292146103,0.5782701373100281,0.0625,0.3564356435643565,0.0,0.0,0.0,0.0,0.10351966873706005,1.0,0.0,0.0,0.0,0.0,0.0,1.0,0.14285714285714285,0.09090909090909091,0.010433762523553339,duplicate_78bd3c9127492738,0.0011365875624370116,False,False,False,assumed_no_match,auto_no_match,True
http://www.google.com/base/feeds/snippets/11553460726656084647,b00081i6ji,0.144953138202098,0.5967638492584229,,6,0.015151515151515152,12,dense,False,0.144953138202098,0.5967638492584229,0.375,0.7142857142857143,0.0,0.0,0.0,1.0,0.06010785824345145,1.0,0.0,0.0,0.0,0.0,0.0,0.0,0.0,0.16666666666666666,0.05496753850259139,duplicate_29b897fbfc0791ff,0.006554802954273901,True,False,False,retrieval_miss,manual_review,
http://www.google.com/base/feeds/snippets/11567429261409321598,b0007g9760,0.5946943650894517,0.8079367280006409,1,1,0.03278688524590164,1,lexical+dense,False,0.5946943650894517,0.8079367280006409,1.0,1.0,0.0,0.0,0.0,0.0,0.16972324108036013,1.0,0.0,0.0,0.0,0.0,0.0,1.0,1.0,1.0,0.9062610650853399,duplicate_2c1cfb1c5ea47054,0.9006467311380084,True,True,True,top_gold_match,manual_review,
http://www.google.com/base/feeds/snippets/11711275868800545948,b000ga99tm,0.8741386504828114,0.8026781678199768,1,1,0.03278688524590164,1,lexical+dense,False,0.8741386504828114,0.8026781678199768,0.6,1.0,0.0,0.0,0.0,0.0,0.2042042042042042,1.0,0.0,0.0,0.0,0.0,0.0,1.0,1.0,1.0,0.8930941179574662,duplicate_b4bb2f7f1418cacf,0.8917347517073414,False,False,False,assumed_no_match,manual_review,
http://www.google.com/base/feeds/snippets/11742689310169054682,b000o39tgo,0.5466399505153654,0.7892544865608215,1,1,0.03278688524590164,1,lexical+dense,False,0.5466399505153654,0.7892544865608215,0.3,1.0,0.0,0.0,0.3333333333333333,1.0,0.1255313828457115,1.0,0.0,0.0,0.0,0.0,0.0,1.0,1.0,1.0,0.5005117001571956,duplicate_b91e7717020d4866,0.4428820290029154,True,True,True,top_gold_match,manual_review,
http://www.google.com/base/feeds/snippets/11808064350838387307,b000qxdj0y,0.835895315294862,0.8619644045829773,1,1,0.03278688524590164,1,lexical+dense,False,0.835895315294862,0.8619644045829773,0.5,0.9117647058823529,0.0,0.0,0.5,1.0,0.13404468156052016,1.0,0.0,0.0,0.0,0.0,0.0,1.0,1.0,1.0,0.7282651573793006,duplicate_cabefca0bf67a97a,0.26911952918911597,True,True,True,top_gold_match,manual_review,
http://www.google.com/base/feeds/snippets/11829938385250188093,b000e136ga,0.19300014712389646,0.48325231671333313,15,1,0.029726775956284153,2,lexical+dense,False,0.19300014712389646,0.48325231671333313,0.25,0.7096774193548387,0.0,0.0,0.5,1.0,0.0,1.0,0.0,0.0,0.0,0.0,1.0,1.0,0.06666666666666667,1.0,0.011927055157402592,duplicate_97fa65f9b549126b,0.009705253261874366,True,True,True,top_gold_match,auto_no_match,False
http://www.google.com/base/feeds/snippets/11843865066277931206,b0009qvgeo,0.5006442668502565,0.47795599699020386,2,2,0.03225806451612903,2,lexical+dense,False,0.5006442668502565,0.47795599699020386,0.3,0.9433962264150944,1.0,1.0,0.0,0.0,0.5002501250625312,0.0,0.0,0.0,0.0,0.0,0.0,1.0,0.5,0.5,0.06768444630795908,duplicate_046cf763884fd597,0.04619977047483395,False,False,False,assumed_no_match,manual_review,
http://www.google.com/base/feeds/snippets/11849862885368401928,b00008kisz,0.14493597910168288,0.1931218057870865,8,,0.014705882352941176,14,lexical,False,0.14493597910168288,0.1931218057870865,0.125,0.6666666666666665,0.0,0.0,0.0,0.0,0.1041041041041042,1.0,0.0,0.0,0.0,0.0,0.0,0.0,0.125,0.0,0.016466374669626638,duplicate_0b9908ae93fd0456,0.011095192776395764,False,False,False,assumed_no_match,auto_no_match,True
http://www.google.com/base/feeds/snippets/11864565884016177982,b000pijt6i,0.3231510769561534,0.6551231741905212,5,5,0.03076923076923077,4,lexical+dense,False,0.3231510769561534,0.6551231741905212,0.7272727272727273,1.0,0.0,0.0,0.6666666666666666,1.0,0.13404468156052016,1.0,0.0,0.0,0.0,0.0,0.0,1.0,0.2,0.2,0.4547934811736572,duplicate_1ac277c32155348a,0.1293236009465893,False,False,False,assumed_no_match,manual_review,
http://www.google.com/base/feeds/snippets/11958168742202087168,b00009l1hv,0.3356201566060556,0.7504681944847107,1,1,0.03278688524590164,1,lexical+dense,False,0.3356201566060556,0.7504681944847107,0.6666666666666666,1.0,0.0,0.0,1.0,0.0,0.012376547068383485,1.0,0.0,0.0,0.0,0.0,0.0,1.0,1.0,1.0,0.8060644163853428,duplicate_1eb9d29f0c94cf35,0.7702875260161061,True,True,True,top_gold_match,manual_review,
http://www.google.com/base/feeds/snippets/11972925909028080525,b000k2nktg,0.34828351673591,0.7225695252418518,3,3,0.031746031746031744,3,lexical+dense,False,0.34828351673591,0.7225695252418518,0.4,0.927536231884058,0.0,0.0,0.0,0.0,0.3325542570951586,1.0,0.0,0.0,0.0,0.0,0.0,1.0,0.3333333333333333,0.3333333333333333,0.2571886395088128,duplicate_38d2eeec0ebce84a,0.024120760787106704,True,False,True,reranking_miss,manual_review,
http://www.google.com/base/feeds/snippets/12219649046294237633,b000hcvr1m,0.33102287294712185,0.7806657552719116,3,1,0.032266458495966696,2,lexical+dense,False,0.33102287294712185,0.7806657552719116,0.6,0.8888888888888888,0.0,0.0,1.0,0.0,0.0,1.0,0.0,0.0,0.0,0.0,0.0,1.0,0.3333333333333333,1.0,0.694187215795694,duplicate_f0a30956516a38b4,0.3480450677646976,True,True,True,top_gold_match,manual_review,
http://www.google.com/base/feeds/snippets/12332187824278866992,b000in4uak,0.37454950263465286,0.810716986656189,1,1,0.03278688524590164,1,lexical+dense,False,0.37454950263465286,0.810716986656189,0.5714285714285714,0.8888888888888888,0.0,0.0,0.5,1.0,0.28534667619728377,1.0,0.0,0.0,0.0,0.0,0.0,1.0,1.0,1.0,0.23179052104734624,duplicate_1c09eff7c67546d4,0.162547599386413,False,False,False,assumed_no_match,manual_review,
http://www.google.com/base/feeds/snippets/12360529814252277269,b000hc0m36,0.13638152929619443,0.3330547511577606,5,3,0.03125763125763126,1,lexical+dense,False,0.13638152929619443,0.3330547511577606,0.0,0.33333333333333326,0.0,0.0,0.0,0.0,0.179224030037547,1.0,0.0,0.0,0.0,0.0,0.0,1.0,0.2,0.3333333333333333,0.002234740731791839,duplicate_de8b104237377902,0.0005726982263366111,False,False,False,assumed_no_match,auto_no_match,True
http://www.google.com/base/feeds/snippets/12398024089660412056,b000ph8xs4,0.3359505303591918,0.8224431872367859,3,1,0.032266458495966696,1,lexical+dense,False,0.3359505303591918,0.8224431872367859,0.3076923076923077,0.72,0.0,0.0,1.0,0.0,0.22637106184364053,1.0,0.0,0.0,0.0,0.0,0.0,1.0,0.3333333333333333,1.0,0.17220207869777748,duplicate_e7b238cdeaa485c9,0.060087511250034295,True,False,True,reranking_miss,manual_review,
http://www.google.com/base/feeds/snippets/12415174468260360116,b00004vx3p,0.557001402122318,0.7863751649856567,1,1,0.03278688524590164,1,lexical+dense,False,0.557001402122318,0.7863751649856567,0.5,1.0,0.0,0.0,0.0,0.0,0.2285714285714285,1.0,0.0,0.0,0.0,0.0,0.0,1.0,1.0,1.0,0.6919057382230825,duplicate_371bc9609be004c7,0.6907877661626821,False,False,False,assumed_no_match,manual_review,
http://www.google.com/base/feeds/snippets/12418972562708861095,b000h241x8,0.3118827018559335,0.4993022382259369,1,2,0.03252247488101534,2,lexical+dense,False,0.3118827018559335,0.4993022382259369,0.13333333333333333,0.736842105263158,0.0,0.0,0.0,0.0,0.2302302302302302,1.0,0.0,0.0,0.0,0.0,0.0,1.0,1.0,0.5,0.05187894887409078,duplicate_d24939d503afbce2,0.004329174916954177,True,False,True,reranking_miss,manual_review,
http://www.google.com/base/feeds/snippets/12529742146723962236,b000emcays,0.18020382743686802,0.4046211838722229,6,7,0.03007688828584351,2,lexical+dense,False,0.18020382743686802,0.4046211838722229,0.0,0.4705882352941177,0.0,0.0,0.0,0.0,0.0,1.0,0.0,0.0,0.0,0.0,0.0,1.0,0.16666666666666666,0.14285714285714285,0.01436236189378239,duplicate_a038c549d8e13cea,0.011464390335813831,False,False,False,assumed_no_match,auto_no_match,True
http://www.google.com/base/feeds/snippets/12536674159579454939,b000ccvp0a,0.4499169701440989,0.653359591960907,1,1,0.03278688524590164,1,lexical+dense,False,0.4499169701440989,0.653359591960907,0.25,0.8135593220338982,0.0,0.0,0.0,0.0,0.0,1.0,0.0,0.0,0.0,0.0,1.0,1.0,1.0,1.0,0.1441241956833745,duplicate_6abbc74f72e4e4d6,0.14142303806116505,True,True,True,top_gold_match,manual_review,
http://www.google.com/base/feeds/snippets/12557180603195237921,b000jqv8t2,0.15519881164276786,0.3821012079715729,15,1,0.029726775956284153,2,lexical+dense,False,0.15519881164276786,0.3821012079715729,0.2,0.5987261146496815,0.0,0.0,0.16666666666666666,1.0,0.0,1.0,0.0,0.0,0.0,0.0,1.0,1.0,0.06666666666666667,1.0,0.003923963034749018,duplicate_8529d778a7755b74,0.0018465980250616095,False,False,False,assumed_no_match,auto_no_match,True
http://www.google.com/base/feeds/snippets/12604725900103506627,b000buqo9a,0.6078576335043561,0.5814175009727478,1,10,0.030679156908665108,4,lexical+dense,False,0.6078576335043561,0.5814175009727478,1.0,1.0,0.0,0.0,1.0,0.0,0.6819363872774555,1.0,0.0,0.0,0.0,0.0,0.0,1.0,1.0,0.1,0.3650323869203275,duplicate_08c7a29748a8183d,0.30443508473290537,True,True,True,top_gold_match,manual_review,
http://www.google.com/base/feeds/snippets/12607980426776897005,b0000dzfvd,0.1856853495699077,0.252768874168396,7,,0.014925373134328358,15,lexical,False,0.1856853495699077,0.252768874168396,0.034482758620689655,0.4329896907216495,0.0,0.0,0.0,1.0,0.0,1.0,0.0,0.0,0.0,0.0,1.0,0.0,0.14285714285714285,0.0,0.0008685345877492251,duplicate_5acbd2b9fec267db,1.6879877683182885e-05,False,False,False,assumed_no_match,auto_no_match,True
http://www.google.com/base/feeds/snippets/12656847251589121665,b0001xnkp8,0.8694111781285855,0.8172879815101624,1,1,0.03278688524590164,1,lexical+dense,False,0.8694111781285855,0.8172879815101624,0.375,0.704225352112676,0.0,0.0,0.0,1.0,0.008160326413056604,1.0,0.0,0.0,1.0,0.0,0.0,1.0,1.0,1.0,0.5111706409435953,duplicate_7a8c8dd828e24956,0.4974280017740719,True,True,True,top_gold_match,manual_review,
http://www.google.com/base/feeds/snippets/12795055230577743877,b000ab601m,0.20140821809552112,0.33874672651290894,2,14,0.02964254577157803,1,lexical+dense,False,0.20140821809552112,0.33874672651290894,0.0625,0.43478260869565216,0.0,0.0,0.0,0.0,0.21540513504501493,1.0,0.0,0.0,0.0,0.0,0.0,1.0,0.5,0.07142857142857142,0.004581628266343017,duplicate_93b12adb1109f1b7,0.001957121320021625,False,False,False,assumed_no_match,auto_no_match,True
http://www.google.com/base/feeds/snippets/12839562973908074354,b0001g6u98,0.38911164581420227,0.5441678762435913,1,2,0.03252247488101534,1,lexical+dense,False,0.38911164581420227,0.5441678762435913,0.26666666666666666,0.8666666666666667,0.0,0.0,0.0,1.0,0.1356892815469245,1.0,0.0,0.0,0.0,0.0,0.0,1.0,1.0,0.5,0.11812181838414217,duplicate_04412d60dbd439b2,0.1033797448785671,False,False,False,assumed_no_match,manual_review,
http://www.google.com/base/feeds/snippets/12840926754936112743,b000cnf014,0.16611662734071256,0.3212261497974396,10,,0.014285714285714285,19,lexical,False,0.16611662734071256,0.3212261497974396,0.1875,0.7,0.0,0.0,0.0,1.0,0.10201020102010201,1.0,0.0,0.0,0.0,0.0,0.0,0.0,0.1,0.0,0.014673144297922512,duplicate_b05b3e4cfb0a9077,0.011847466267532704,False,False,False,assumed_no_match,auto_no_match,True
http://www.google.com/base/feeds/snippets/12843117786165539362,b000az16r6,0.07217049221160297,0.2909417152404785,,5,0.015384615384615385,8,dense,False,0.07217049221160297,0.2909417152404785,0.14285714285714285,0.6101694915254238,0.0,0.0,0.0,0.0,0.0,1.0,0.0,0.0,0.0,0.0,1.0,0.0,0.0,0.2,0.005221645611288205,duplicate_c7c2d1fffa0072ca,0.0033274197265496432,False,False,False,assumed_no_match,auto_no_match,True
http://www.google.com/base/feeds/snippets/12845228373531717554,b000etjjae,0.17021757396553314,0.609734833240509,1,1,0.03278688524590164,1,lexical+dense,False,0.17021757396553314,0.609734833240509,0.625,0.736842105263158,0.0,0.0,1.0,0.0,0.040008001600320066,1.0,0.0,0.0,0.0,0.0,0.0,1.0,1.0,1.0,0.2538587691313728,duplicate_d7d2297523a1ff82,0.1909253984850257,True,True,True,top_gold_match,manual_review,
http://www.google.com/base/feeds/snippets/12846244427931030930,b00008kisz,0.5800622996826722,0.6397241950035095,1,1,0.03278688524590164,1,lexical+dense,False,0.5800622996826722,0.6397241950035095,0.6666666666666666,0.86,0.0,0.0,0.0,0.0,0.1041041041041042,1.0,0.0,0.0,0.0,0.0,0.0,1.0,1.0,1.0,0.6496113066421216,duplicate_b82b7637ad7940c9,0.6455214994394838,False,False,False,assumed_no_match,manual_review,
http://www.google.com/base/feeds/snippets/12852968287224775140,b000bta4kg,0.3541847987008581,0.7169800400733948,2,1,0.03252247488101534,1,lexical+dense,False,0.3541847987008581,0.7169800400733948,0.4444444444444444,0.8823529411764706,0.0,0.0,0.3333333333333333,1.0,0.027680531775606823,1.0,0.0,0.0,0.0,0.0,0.0,1.0,0.5,1.0,0.3386403541112126,duplicate_e6ccd7b66d941847,0.29373370783423813,False,False,False,assumed_no_match,manual_review,
http://www.google.com/base/feeds/snippets/12854675381702524218,b000a6jrwq,0.40896669710960565,0.6286805272102356,2,2,0.03225806451612903,2,lexical+dense,False,0.40896669710960565,0.6286805272102356,0.23529411764705882,0.7121212121212122,0.0,0.0,0.0,1.0,0.0,1.0,0.0,0.0,0.0,0.0,1.0,1.0,0.5,0.5,0.03196283164960958,duplicate_263e726efd8efe08,0.008743387385849167,False,False,False,assumed_no_match,manual_review,
http://www.google.com/base/feeds/snippets/12869711266937040334,b000b5ss76,0.2839161677639554,0.4769139587879181,4,2,0.031754032258064516,2,lexical+dense,False,0.2839161677639554,0.4769139587879181,0.13333333333333333,0.6956521739130435,0.0,0.0,0.0,0.0,0.0,1.0,0.0,0.0,0.0,0.0,1.0,1.0,0.25,0.5,0.025316295463082394,duplicate_26205a272de9dc03,0.0072324676015232715,False,False,False,assumed_no_match,manual_review,
http://www.google.com/base/feeds/snippets/12884194872490285367,b000fbgapi,0.18705685486320076,0.4332849979400635,3,3,0.031746031746031744,1,lexical+dense,False,0.18705685486320076,0.4332849979400635,0.2,0.4736842105263158,0.0,0.0,0.0,1.0,0.0,1.0,0.0,0.0,0.0,0.0,1.0,1.0,0.3333333333333333,0.3333333333333333,0.0025240271885425478,duplicate_2cf415d37b30b0e3,0.0002229056487940994,False,False,False,assumed_no_match,auto_no_match,True
http://www.google.com/base/feeds/snippets/12889229815100404501,b00014tct0,0.06127425076516252,0.33248960971832275,,10,0.014285714285714285,18,dense,False,0.06127425076516252,0.33248960971832275,0.047619047619047616,0.39097744360902253,0.0,0.0,0.0,1.0,0.026308028077626427,1.0,0.0,0.0,0.0,0.0,0.0,0.0,0.0,0.1,0.002265700000147199,duplicate_a14387722f7c9829,0.0007683676240475956,False,False,False,assumed_no_match,auto_no_match,True
http://www.google.com/base/feeds/snippets/12909616660373115284,b000bav4ko,0.3558965640212274,0.6827283501625061,1,1,0.03278688524590164,1,lexical+dense,False,0.3558965640212274,0.6827283501625061,0.47058823529411764,0.8023255813953489,0.0,0.0,0.5,1.0,0.06516152582588071,1.0,0.0,0.0,0.0,0.0,0.0,1.0,1.0,1.0,0.21576809533275343,duplicate_d0b2104ece6898a4,0.09609219841240436,False,False,False,assumed_no_match,manual_review,
http://www.google.com/base/feeds/snippets/12915288491450303613,b0001h5w9g,0.38156172666904875,0.5754080414772034,2,1,0.03252247488101534,1,lexical+dense,False,0.38156172666904875,0.5754080414772034,0.4166666666666667,1.0,0.0,0.0,0.5,1.0,0.051210242048409724,1.0,0.0,0.0,0.0,0.0,0.0,1.0,0.5,1.0,0.37562053833275133,duplicate_0110cb67c122b580,0.3210328219866234,False,False,False,assumed_no_match,manual_review,
http://www.google.com/base/feeds/snippets/12962968220446257144,b000jqv8t2,0.6916520954545093,0.8203746676445007,1,1,0.03278688524590164,1,lexical+dense,False,0.6916520954545093,0.8203746676445007,1.0,1.0,0.0,0.0,1.0,0.0,0.0,1.0,0.0,0.0,0.0,0.0,1.0,1.0,1.0,1.0,0.8826074103357501,duplicate_71970b8b667d471d,0.8771780021460119,False,False,False,assumed_no_match,manual_review,
http://www.google.com/base/feeds/snippets/12963757372418515896,b000m5ailo,0.4180339402348607,0.7949104905128479,1,1,0.03278688524590164,1,lexical+dense,False,0.4180339402348607,0.7949104905128479,0.5,0.923076923076923,0.0,0.0,0.5,1.0,0.522350295192578,1.0,0.0,0.0,0.0,0.0,0.0,1.0,1.0,1.0,0.10526517920132472,duplicate_500eea3dd260045b,0.10264971257134604,False,False,False,assumed_no_match,manual_review,
http://www.google.com/base/feeds/snippets/12974185919953776458,b000keho0a,0.4116935113904215,0.6530588865280151,1,2,0.03252247488101534,2,lexical+dense,False,0.4116935113904215,0.6530588865280151,0.21052631578947367,0.5789473684210527,0.0,0.0,0.5,1.0,0.27374315416653,1.0,0.0,0.0,0.0,0.0,0.0,1.0,1.0,0.5,0.020293641516115655,duplicate_8bf2de5faa40c727,0.007889777213189753,False,False,False,assumed_no_match,manual_review,
http://www.google.com/base/feeds/snippets/1298387803049191225,b000fdetx6,0.32343052905746905,0.734155535697937,1,1,0.03278688524590164,1,lexical+dense,False,0.32343052905746905,0.734155535697937,0.4166666666666667,0.6984126984126985,0.0,0.0,0.3333333333333333,1.0,0.06371237458193983,1.0,0.0,0.0,0.0,0.0,0.0,1.0,1.0,1.0,0.12866016681997727,duplicate_b4a9abf8793b69b3,0.07482449818907747,True,True,True,top_gold_match,manual_review,
http://www.google.com/base/feeds/snippets/13014116223413569093,b00014tct0,0.2932392504904079,0.3680146038532257,2,,0.016129032258064516,6,lexical,False,0.2932392504904079,0.3680146038532257,0.10526315789473684,0.42647058823529416,0.0,0.0,0.0,1.0,0.1299053843923781,1.0,0.0,0.0,0.0,0.0,0.0,0.0,0.5,0.0,0.0042879531839136314,duplicate_33fc65bad6a61e1e,0.00017029069704768956,False,False,False,assumed_no_match,auto_no_match,True
http://www.google.com/base/feeds/snippets/13022222933904145251,b0006513tg,0.49748529076073433,0.6926126480102539,1,1,0.03278688524590164,1,lexical+dense,False,0.49748529076073433,0.6926126480102539,0.2,0.43661971830985913,0.0,0.0,0.0,1.0,0.32118987341772154,1.0,0.0,0.0,0.0,0.0,0.0,1.0,1.0,1.0,0.010593675029830734,duplicate_3557fe5c883ee32b,0.009104680184300178,False,False,False,assumed_no_match,auto_no_match,True
http://www.google.com/base/feeds/snippets/13023052343955574084,b000o39u3g,0.7996268458454442,0.8139786720275879,1,2,0.03252247488101534,1,lexical+dense,False,0.7996268458454442,0.8139786720275879,0.7777777777777778,0.926829268292683,0.0,0.0,1.0,0.0,0.0020010005002500824,1.0,0.0,0.0,1.0,0.0,0.0,1.0,1.0,0.5,0.9402568740958145,duplicate_fd92987861a42aee,0.66926838796232,True,True,True,top_gold_match,manual_review,
http://www.google.com/base/feeds/snippets/13028876552956415591,b000hvxix8,0.2851154442768987,0.4479879140853882,1,2,0.03252247488101534,2,lexical+dense,False,0.2851154442768987,0.4479879140853882,0.15384615384615385,0.5853658536585367,0.0,0.0,0.2,1.0,0.0,1.0,0.0,0.0,0.0,0.0,1.0,1.0,1.0,0.5,0.005909671478791459,duplicate_ddeb3ffeb8fc3e59,0.004928467251778641,False,False,False,assumed_no_match,auto_no_match,True
http://www.google.com/base/feeds/snippets/13072031492932979138,b000bb7fjw,0.1319626857184779,0.3004235625267029,6,,0.015151515151515152,10,lexical,False,0.1319626857184779,0.3004235625267029,0.06666666666666667,0.5714285714285715,0.0,0.0,0.0,0.0,0.4345431789737172,1.0,0.0,0.0,1.0,0.0,0.0,0.0,0.16666666666666666,0.0,0.002476714020477778,duplicate_2be0e2dbcb8fb99e,0.0008481421009272261,False,False,False,assumed_no_match,auto_no_match,True
http://www.google.com/base/feeds/snippets/13081002640817971957,b00099xf0e,0.37517263473007095,0.7384763360023499,1,1,0.03278688524590164,1,lexical+dense,False,0.37517263473007095,0.7384763360023499,0.3684210526315789,0.6451612903225806,0.0,0.0,0.0,1.0,0.0,1.0,0.0,0.0,1.0,0.0,1.0,1.0,1.0,1.0,0.03408324488864794,duplicate_c9a9004ce4d827e0,0.03216737044938411,False,False,False,assumed_no_match,manual_review,
http://www.google.com/base/feeds/snippets/13106173681796275626,b000192rq0,0.46474262332255906,0.7103299498558044,1,1,0.03278688524590164,1,lexical+dense,False,0.46474262332255906,0.7103299498558044,0.4666666666666667,0.7333333333333333,0.0,0.0,0.5,1.0,0.41325263086921116,1.0,0.0,0.0,0.0,0.0,0.0,1.0,1.0,1.0,0.05568289816150273,duplicate_071db21f19d2b871,0.054104077898180815,False,False,False,assumed_no_match,manual_review,
http://www.google.com/base/feeds/snippets/13108277695716872243,b000ab601m,0.20554609598799087,0.3129774332046509,2,13,0.029827662395050816,3,lexical+dense,False,0.20554609598799087,0.3129774332046509,0.0625,0.4132231404958678,0.0,0.0,0.0,0.0,0.24974991663887958,1.0,0.0,0.0,0.0,0.0,0.0,1.0,0.5,0.07692307692307693,0.0033037330381177985,duplicate_2d3fd59183456650,0.0018598708736100493,False,False,False,assumed_no_match,auto_no_match,True
http://www.google.com/base/feeds/snippets/13129018892795959281,b000ndibh8,0.14596068658721406,0.5451124906539917,,7,0.014925373134328358,15,dense,False,0.14596068658721406,0.5451124906539917,0.4444444444444444,0.8301886792452831,0.0,0.0,1.0,0.0,0.022581453634085192,1.0,0.0,0.0,0.0,0.0,0.0,0.0,0.0,0.14285714285714285,0.24427220181016496,duplicate_2d6f3b5771b74404,0.08385586919871635,False,False,False,assumed_no_match,manual_review,
http://www.google.com/base/feeds/snippets/13130135991704999166,b000az16r6,0.42745669500763794,0.5500303506851196,1,2,0.03252247488101534,1,lexical+dense,False,0.42745669500763794,0.5500303506851196,0.06666666666666667,0.5357142857142857,0.0,0.0,0.0,0.0,0.0,1.0,0.0,0.0,0.0,0.0,1.0,1.0,1.0,0.5,0.01781667846377975,duplicate_945fd772baafed76,0.013146258826696063,False,False,False,assumed_no_match,auto_no_match,True
http://www.google.com/base/feeds/snippets/13150895016797686212,b00073flao,0.38923586559282375,0.6430759429931641,2,1,0.03252247488101534,1,lexical+dense,False,0.38923586559282375,0.6430759429931641,0.13636363636363635,0.6309523809523809,0.0,0.0,0.0,1.0,0.0,1.0,0.0,0.0,0.0,0.0,1.0,1.0,0.5,1.0,0.01681046811485204,duplicate_3212b997e6c57910,0.0025718151287118813,False,False,False,assumed_no_match,auto_no_match,True
http://www.google.com/base/feeds/snippets/13163659075074253300,b000hbxjuk,0.31726538844904306,0.7854768633842468,2,1,0.03252247488101534,1,lexical+dense,False,0.31726538844904306,0.7854768633842468,0.1111111111111111,0.5066666666666666,0.0,0.0,0.0,1.0,0.2504813101637705,1.0,0.0,0.0,0.0,0.0,0.0,1.0,0.5,1.0,0.013232833198336083,duplicate_b7a84f572fbc8c50,0.0030285758111424903,False,False,False,assumed_no_match,auto_no_match,True
http://www.google.com/base/feeds/snippets/13164965529321114691,b000az841m,0.5832714409775901,0.7943511009216309,1,1,0.03278688524590164,1,lexical+dense,False,0.5832714409775901,0.7943511009216309,0.42857142857142855,0.8421052631578948,0.0,0.0,0.0,1.0,0.0,1.0,0.0,0.0,1.0,0.0,1.0,1.0,1.0,1.0,0.1991412044679779,duplicate_10a95d42f15fdd33,0.19729855398447657,False,False,False,assumed_no_match,manual_review,
http://www.google.com/base/feeds/snippets/13205107786273172644,b000v7rij8,0.12138354417859581,0.26070818305015564,1,19,0.029051670471052088,3,lexical+dense,False,0.12138354417859581,0.26070818305015564,0.16666666666666666,0.36363636363636365,0.0,0.0,0.0,0.0,0.11352253756260429,1.0,0.0,0.0,1.0,0.0,0.0,1.0,1.0,0.05263157894736842,0.0037549218413389703,duplicate_b00c9d6368adffe6,0.00024258699908128768,False,False,False,assumed_no_match,auto_no_match,True
http://www.google.com/base/feeds/snippets/13206617216897783894,b0000swyw4,0.555863114155596,0.6650112271308899,1,2,0.03252247488101534,1,lexical+dense,False,0.555863114155596,0.6650112271308899,0.3333333333333333,0.891566265060241,0.0,0.0,0.5,1.0,0.0,1.0,0.0,0.0,0.0,0.0,1.0,1.0,1.0,0.5,0.15889829322795557,duplicate_72a2a65d155788f9,0.12849680863612406,False,False,False,assumed_no_match,manual_review,
http://www.google.com/base/feeds/snippets/13208273980315159349,b000jywfq4,0.27282089544716825,0.48987600207328796,2,1,0.03252247488101534,1,lexical+dense,False,0.27282089544716825,0.48987600207328796,0.3333333333333333,0.7164179104477612,0.0,0.0,0.6666666666666666,1.0,0.0,1.0,0.0,0.0,0.0,0.0,1.0,1.0,0.5,1.0,0.019096879045594452,duplicate_d0a615aefe405861,0.01239368009923968,False,False,False,assumed_no_match,auto_no_match,True
http://www.google.com/base/feeds/snippets/13210363196789051266,b000az16r6,0.4436265369764062,0.5308831930160522,1,2,0.03252247488101534,1,lexical+dense,False,0.4436265369764062,0.5308831930160522,0.07142857142857142,0.5357142857142857,0.0,0.0,0.0,0.0,0.0,1.0,0.0,0.0,0.0,0.0,1.0,1.0,1.0,0.5,0.017894746013754053,duplicate_0f7c09a64f5a81ab,0.00564228708381757,False,False,False,assumed_no_match,auto_no_match,True
http://www.google.com/base/feeds/snippets/13226106504971179022,b000bcgfe2,0.3242456367269543,0.7119395136833191,1,1,0.03278688524590164,1,lexical+dense,False,0.3242456367269543,0.7119395136833191,0.2857142857142857,0.5106382978723404,0.0,0.0,0.0,0.0,0.0,1.0,0.0,0.0,0.0,0.0,0.0,1.0,1.0,1.0,0.10699813807785502,duplicate_1aaeada30a6af6bc,0.03452880832721604,False,False,False,assumed_no_match,manual_review,
http://www.google.com/base/feeds/snippets/13239655615628391901,b00006lhf6,0.6321650860297691,0.7830097675323486,1,2,0.03252247488101534,2,lexical+dense,False,0.6321650860297691,0.7830097675323486,0.07692307692307693,0.7619047619047619,0.0,0.0,0.0,0.0,0.0,1.0,0.0,0.0,0.0,0.0,1.0,1.0,1.0,0.5,0.18214454479187772,duplicate_1d710ce1257a2c7b,0.03349768292750138,False,False,False,assumed_no_match,manual_review,
http://www.google.com/base/feeds/snippets/13252892141875000675,b000qclgqo,0.18533469632555322,0.21645741164684296,1,,0.01639344262295082,5,lexical,False,0.18533469632555322,0.21645741164684296,0.0,0.3047619047619048,0.0,0.0,0.0,0.0,0.05996499124781186,1.0,0.0,0.0,0.0,0.0,0.0,0.0,1.0,0.0,0.002745912673655659,duplicate_ed1b1eb722c3d363,7.978204198210315e-05,False,False,False,assumed_no_match,auto_no_match,True
http://www.google.com/base/feeds/snippets/13253803285539541088,b000k7vinq,0.3075096208210024,0.7586713433265686,1,1,0.03278688524590164,1,lexical+dense,False,0.3075096208210024,0.7586713433265686,0.8,1.0,0.0,0.0,1.0,0.0,0.14287755393627652,1.0,0.0,0.0,0.0,0.0,0.0,1.0,1.0,1.0,0.7413572465441362,duplicate_bcc3c4b00137a941,0.362081152381929,False,False,False,assumed_no_match,manual_review,
http://www.google.com/base/feeds/snippets/13255609368261584070,b00009k780,0.29425534010749965,0.5073428153991699,1,2,0.03252247488101534,1,lexical+dense,False,0.29425534010749965,0.5073428153991699,0.3333333333333333,0.6666666666666665,0.0,0.0,1.0,0.0,0.03334444814938313,1.0,0.0,0.0,1.0,0.0,0.0,1.0,1.0,0.5,0.12018619172902939,duplicate_e3e1f49acc2a1bab,0.1137090441414112,True,False,False,retrieval_miss,manual_review,
http://www.google.com/base/feeds/snippets/13263426702845331077,b000ndicpy,0.28004163946751487,0.5733293890953064,2,14,0.02964254577157803,4,lexical+dense,False,0.28004163946751487,0.5733293890953064,0.3076923076923077,0.75,0.0,0.0,0.3333333333333333,1.0,0.9729899856938483,1.0,0.0,0.0,0.0,0.0,0.0,1.0,0.5,0.07142857142857142,0.0015339207229547256,duplicate_a763356ded0177f5,0.000511713030067506,False,False,False,assumed_no_match,auto_no_match,True
http://www.google.com/base/feeds/snippets/13263543491904359774,b000311y4w,0.6008500137694277,0.8748896718025208,1,1,0.03278688524590164,1,lexical+dense,False,0.6008500137694277,0.8748896718025208,0.3333333333333333,1.0,0.0,0.0,0.0,0.0,0.7345575959933223,1.0,0.0,0.0,0.0,0.0,0.0,1.0,1.0,1.0,0.1945047931906919,duplicate_33cd151deb3d61c7,0.17846421039165514,False,False,False,assumed_no_match,manual_review,
http://www.google.com/base/feeds/snippets/13273073048422536354,b000jx1kma,0.2805910984644943,0.472451776266098,1,7,0.03131881575727918,4,lexical+dense,False,0.2805910984644943,0.472451776266098,0.09090909090909091,0.5,0.0,0.0,0.0,0.0,0.16672224074691563,1.0,0.0,0.0,0.0,0.0,0.0,1.0,1.0,0.14285714285714285,0.015619683511385651,duplicate_926df22c8029c678,0.00853889737311651,False,False,False,assumed_no_match,auto_no_match,True
http://www.google.com/base/feeds/snippets/13276293278980872969,b00083grii,0.8938281476253748,0.9030654430389404,1,1,0.03278688524590164,1,lexical+dense,False,0.8938281476253748,0.9030654430389404,1.0,1.0,0.0,0.0,0.0,0.0,0.5012531328320802,1.0,0.0,0.0,0.0,0.0,0.0,1.0,1.0,1.0,0.8754685609284157,duplicate_7afbc2faa046215e,0.868909633824749,False,False,False,assumed_no_match,manual_review,
http://www.google.com/base/feeds/snippets/13289023771526506121,b000hhxeuo,0.3452580177873885,0.5448005795478821,3,7,0.030798389007344232,4,lexical+dense,False,0.3452580177873885,0.5448005795478821,0.2222222222222222,0.7804878048780488,0.0,0.0,0.0,0.0,0.10105052526263131,1.0,0.0,0.0,0.0,0.0,0.0,1.0,0.3333333333333333,0.14285714285714285,0.15709047392218548,duplicate_2434aebbf74b196d,0.0682918479011225,False,False,False,assumed_no_match,manual_review,
http://www.google.com/base/feeds/snippets/13293570679147842615,b0000swrmq,0.6137424598457997,0.6937321424484253,1,1,0.03278688524590164,1,lexical+dense,False,0.6137424598457997,0.6937321424484253,0.17391304347826086,0.5442176870748299,0.0,0.0,0.3333333333333333,1.0,0.0,1.0,0.0,0.0,0.0,0.0,1.0,1.0,1.0,1.0,0.02620839709401032,duplicate_c8571e7a4891988f,0.02356118877732794,False,False,False,assumed_no_match,manual_review,
http://www.google.com/base/feeds/snippets/13298644336068097806,b000ffcdim,0.6680080625299155,0.8603578209877014,1,1,0.03278688524590164,1,lexical+dense,False,0.6680080625299155,0.8603578209877014,0.25,0.9565217391304348,0.0,0.0,0.0,0.0,0.4417454858125538,1.0,0.0,0.0,0.0,0.0,0.0,1.0,1.0,1.0,0.4116179807721418,duplicate_d65f7f51dc326fd1,0.3203594866588723,True,True,True,top_gold_match,manual_review,
http://www.google.com/base/feeds/snippets/13326740183367978728,b000hcvr5s,0.3106983074254911,0.8593308329582214,2,1,0.03252247488101534,1,lexical+dense,False,0.3106983074254911,0.8593308329582214,0.5,0.7017543859649124,0.0,0.0,1.0,0.0,0.0003636694244930634,1.0,0.0,0.0,0.0,0.0,0.0,1.0,0.5,1.0,0.44434901575532076,duplicate_adf0cd4c0c855791,0.27216922643318053,False,False,False,assumed_no_match,manual_review,
http://www.google.com/base/feeds/snippets/13354832082908155259,b000ri161w,0.3868949288904684,0.657558023929596,4,3,0.03149801587301587,3,lexical+dense,False,0.3868949288904684,0.657558023929596,0.3333333333333333,0.62,0.0,0.0,0.0,0.0,0.02603254067584496,1.0,0.0,0.0,0.0,0.0,0.0,1.0,0.25,0.3333333333333333,0.178715859155265,duplicate_3d7584a955248df1,0.06890236052295078,False,False,False,assumed_no_match,manual_review,
http://www.google.com/base/feeds/snippets/13357443011653455054,b000hcz9ac,0.32519491954143465,0.5751100778579712,1,3,0.032266458495966696,2,lexical+dense,False,0.32519491954143465,0.5751100778579712,0.5555555555555556,0.7865168539325842,0.0,0.0,0.0,0.0,0.00040004000400032047,1.0,0.0,0.0,0.0,0.0,0.0,1.0,1.0,0.3333333333333333,0.3820013033822031,duplicate_22b2eac326a9649f,0.3685409089805638,False,False,False,assumed_no_match,manual_review,
http://www.google.com/base/feeds/snippets/13366246536827294748,b00030iej6,0.3057219155875376,0.536588728427887,2,4,0.031754032258064516,3,lexical+dense,False,0.3057219155875376,0.536588728427887,0.0,0.25925925925925924,0.0,0.0,0.0,0.0,0.0,1.0,0.0,0.0,0.0,0.0,0.0,1.0,0.5,0.25,0.009907076943263685,duplicate_a8d44afd6848d0e7,0.0029289026869287384,False,False,False,assumed_no_match,auto_no_match,True
http://www.google.com/base/feeds/snippets/13394537834910060641,b000i2qubi,0.09837791613042837,0.4444634020328522,5,2,0.0315136476426799,2,lexical+dense,False,0.09837791613042837,0.4444634020328522,0.4,0.5714285714285715,0.0,0.7058823529411764,1.0,0.0,0.05087492118590632,0.0,0.0,0.0,0.0,0.0,0.0,1.0,0.2,0.5,0.06797908707804622,duplicate_ad475d3d2a90ad8a,0.05921110679755345,True,False,True,reranking_miss,manual_review,
http://www.google.com/base/feeds/snippets/13403530379138182566,b000qclgqo,0.16829869262514646,0.4092954099178314,3,2,0.03200204813108039,1,lexical+dense,False,0.16829869262514646,0.4092954099178314,0.1,0.5348837209302326,0.0,0.0,0.0,0.0,0.6322080520130032,1.0,0.0,0.0,0.0,0.0,0.0,1.0,0.3333333333333333,0.5,0.001466320228601609,duplicate_421a6b9ec72c2e48,0.000120800207564106,False,False,False,assumed_no_match,auto_no_match,True
http://www.google.com/base/feeds/snippets/13442788600745771907,b0002nt34o,0.6803667144523274,0.8043904304504395,1,1,0.03278688524590164,1,lexical+dense,False,0.6803667144523274,0.8043904304504395,0.5625,0.9473684210526315,0.0,0.0,0.6666666666666666,1.0,0.046041841673667025,1.0,0.0,0.0,0.0,0.0,0.0,1.0,1.0,1.0,0.7469844917733526,duplicate_333fd9d44fcabf8e,0.5162678460097434,False,False,False,assumed_no_match,manual_review,
http://www.google.com/base/feeds/snippets/13452210209758304511,b000enucvk,0.2601730329063732,0.3970784544944763,1,,0.01639344262295082,4,lexical,False,0.2601730329063732,0.3970784544944763,0.16666666666666666,0.5263157894736842,0.0,0.0,0.0,0.0,0.0,1.0,0.0,0.0,0.0,0.0,0.0,0.0,1.0,0.0,0.03337864509392508,duplicate_e9ecdaea2b1fccdc,0.01773104582414765,False,False,False,assumed_no_match,manual_review,
http://www.google.com/base/feeds/snippets/13499020603250895672,b000a6jrwq,0.4607433060284328,0.6807861924171448,1,1,0.03278688524590164,1,lexical+dense,False,0.4607433060284328,0.6807861924171448,0.38461538461538464,0.78125,0.0,0.0,0.0,1.0,0.0,1.0,0.0,0.0,0.0,0.0,1.0,1.0,1.0,1.0,0.08097054808003416,duplicate_2e3399972bd60e2a,0.07026415455565187,False,False,False,assumed_no_match,manual_review,
http://www.google.com/base/feeds/snippets/13561687450780175373,b000a7q6n8,0.3068232922395169,0.5353476405143738,1,1,0.03278688524590164,1,lexical+dense,False,0.3068232922395169,0.5353476405143738,0.5,0.7719298245614036,0.0,0.0,0.0,0.0,0.0,1.0,0.0,0.0,0.0,0.0,1.0,1.0,1.0,1.0,0.0951023639445686,duplicate_713d0fc10f72a7f7,0.04334032043016352,True,True,True,top_gold_match,manual_review,
http://www.google.com/base/feeds/snippets/13580973667608887322,b000cemp0m,0.2467117213769219,0.5523301959037781,4,1,0.032018442622950824,2,lexical+dense,False,0.2467117213769219,0.5523301959037781,0.25,0.7246376811594203,0.0,0.0,0.0,0.0,0.0,1.0,0.0,0.0,1.0,0.0,1.0,1.0,0.25,1.0,0.03822216453394464,duplicate_74a0cb34fea89964,0.030807379431892764,False,False,False,assumed_no_match,manual_review,
http://www.google.com/base/feeds/snippets/13595847972669342416,b00008pbus,0.3553803619239906,0.6654430031776428,1,2,0.03252247488101534,1,lexical+dense,False,0.3553803619239906,0.6654430031776428,0.29411764705882354,0.6153846153846154,0.0,0.0,0.0,1.0,0.0,1.0,0.0,0.0,0.0,0.0,1.0,1.0,1.0,0.5,0.020526351191893447,duplicate_1a8e8d60bbe1d3f0,0.0035048722191879933,False,False,False,assumed_no_match,manual_review,
http://www.google.com/base/feeds/snippets/13609690668273526543,b000jqv8t2,0.6545475129064425,0.8058726191520691,1,1,0.03278688524590164,1,lexical+dense,False,0.6545475129064425,0.8058726191520691,0.5625,0.8689655172413794,0.0,0.0,0.16666666666666666,1.0,0.0,1.0,0.0,0.0,0.0,0.0,1.0,1.0,1.0,1.0,0.34402014161966826,duplicate_8b1bbe13bc5604c7,0.3355323938207154,False,False,False,assumed_no_match,manual_review,
http://www.google.com/base/feeds/snippets/13616236861396817271,b00022ptt8,0.21597814824168488,0.5975673198699951,,1,0.01639344262295082,8,dense,False,0.21597814824168488,0.5975673198699951,0.6666666666666666,0.8113207547169812,0.0,0.0,1.0,0.0,0.0,1.0,0.0,0.0,0.0,0.0,0.0,0.0,0.0,1.0,0.42240477015237704,duplicate_1ea6010bd2b51cf0,0.15610493781781187,False,False,False,assumed_no_match,manual_review,
http://www.google.com/base/feeds/snippets/13621555970489144689,b0006b64v2,0.22594265202155614,0.58326655626297,1,1,0.03278688524590164,1,lexical+dense,False,0.22594265202155614,0.58326655626297,0.5714285714285714,0.875,0.0,0.0,0.0,0.0,0.1304631441617743,1.0,0.0,0.0,0.0,0.0,0.0,1.0,1.0,1.0,0.30219113537987785,duplicate_a8bc6f1edcb05ac5,0.27801732326992257,False,False,False,assumed_no_match,manual_review,
http://www.google.com/base/feeds/snippets/13627138174377206631,b000cabe44,0.5189877515091444,0.4621185064315796,1,1,0.03278688524590164,1,lexical+dense,False,0.5189877515091444,0.4621185064315796,0.3157894736842105,0.6376811594202898,0.0,0.0,0.3333333333333333,1.0,0.16503300660132025,1.0,0.0,0.0,0.0,0.0,0.0,1.0,1.0,1.0,0.044002324530344916,duplicate_356a56e8cfbf2c91,0.039880101435925984,False,False,False,assumed_no_match,manual_review,
http://www.google.com/base/feeds/snippets/13631557261313424700,b000hbys5k,0.2982832261964169,0.695192813873291,1,10,0.030679156908665108,5,lexical+dense,False,0.2982832261964169,0.695192813873291,0.8,1.0,0.0,0.0,1.0,0.0,0.00040004000400032047,1.0,0.0,0.0,0.0,0.0,0.0,1.0,1.0,0.1,0.8151163371766065,duplicate_86f454e088608ee3,0.7847899179953433,True,True,True,top_gold_match,manual_review,
http://www.google.com/base/feeds/snippets/13635233890006695775,b000ggmbhi,0.896683934459776,0.8986068964004517,1,1,0.03278688524590164,1,lexical+dense,False,0.896683934459776,0.8986068964004517,1.0,1.0,0.0,0.0,0.0,0.0,0.5513784461152882,1.0,0.0,0.0,0.0,0.0,0.0,1.0,1.0,1.0,0.8481794698362842,duplicate_11c9fdf043d60101,0.844156355194813,False,False,False,assumed_no_match,manual_review,
http://www.google.com/base/feeds/snippets/13659935621775890962,b000ndib6y,0.2470701527951092,0.6272940039634705,10,,0.014285714285714285,17,lexical,False,0.2470701527951092,0.6272940039634705,0.4,0.8636363636363636,0.0,0.0,0.5,1.0,0.0,1.0,0.0,0.0,0.0,0.0,0.0,0.0,0.1,0.0,0.21454864492285408,duplicate_1f2442346aea5e48,0.15051703898190844,True,True,True,top_gold_match,manual_review,
http://www.google.com/base/feeds/snippets/13665841494141374823,b000etyt5o,0.4134701487490199,0.7424983978271484,1,1,0.03278688524590164,1,lexical+dense,False,0.4134701487490199,0.7424983978271484,1.0,1.0,0.0,0.0,0.0,0.0,0.5718370264474625,1.0,0.0,0.0,0.0,0.0,0.0,1.0,1.0,1.0,0.434836800185074,duplicate_5fb175d103c66e6f,0.42142668189606847,False,False,False,assumed_no_match,manual_review,
http://www.google.com/base/feeds/snippets/13673080401566719655,b000gh2pa0,0.2510485549670641,0.44462162256240845,11,6,0.029236022193768675,8,lexical+dense,False,0.2510485549670641,0.44462162256240845,0.2631578947368421,0.6707317073170731,0.0,0.0,0.0,1.0,0.05973201692524686,1.0,0.0,0.0,0.0,0.0,0.0,1.0,0.09090909090909091,0.16666666666666666,0.031827307822347266,duplicate_50ef8b9635f0fcd4,0.023133373830629383,False,False,False,assumed_no_match,manual_review,
http://www.google.com/base/feeds/snippets/13695635236319996300,b00008pbus,0.411844152089565,0.5982300043106079,2,2,0.03225806451612903,3,lexical+dense,False,0.411844152089565,0.5982300043106079,0.23529411764705882,0.5481481481481482,0.0,0.0,0.0,1.0,0.0,1.0,0.0,0.0,0.0,0.0,1.0,1.0,0.5,0.5,0.012528877115923187,duplicate_67af5e9c357ceedd,0.00013166954455306155,False,False,False,assumed_no_match,auto_no_match,True
http://www.google.com/base/feeds/snippets/13695802285127612231,b000ndicqi,0.3214664504754577,0.774689257144928,1,2,0.03252247488101534,2,lexical+dense,False,0.3214664504754577,0.774689257144928,0.21428571428571427,0.625,0.0,0.0,0.5,1.0,0.13100436681222707,1.0,0.0,0.0,0.0,0.0,0.0,1.0,1.0,0.5,0.05168702844711363,duplicate_f0e76743ef240bf0,0.041814059075919355,False,False,False,assumed_no_match,manual_review,
http://www.google.com/base/feeds/snippets/13701707796339492971,b000keho1e,0.507874751509516,0.7545852661132812,2,2,0.03225806451612903,2,lexical+dense,False,0.507874751509516,0.7545852661132812,0.4117647058823529,0.8440366972477064,0.0,0.0,0.5,1.0,0.40937611715831906,1.0,0.0,0.0,0.0,0.0,0.0,1.0,0.5,0.5,0.11095059887148222,duplicate_e24efb4eb269fd51,0.020866998490708888,False,False,False,assumed_no_match,manual_review,
http://www.google.com/base/feeds/snippets/13703162595446844265,b000frqfe8,0.4502408771883742,0.7243925929069519,1,1,0.03278688524590164,1,lexical+dense,False,0.4502408771883742,0.7243925929069519,0.4,0.8125,0.0,0.0,1.0,0.0,0.0010002500625156075,1.0,0.0,0.0,0.0,0.0,0.0,1.0,1.0,1.0,0.5493210213043764,duplicate_b7ecb41df8adba0b,0.5396785797033872,True,True,True,top_gold_match,manual_review,
http://www.google.com/base/feeds/snippets/13726998241496860922,b00069e7ko,0.6469383924779579,0.8880314826965332,1,1,0.03278688524590164,1,lexical+dense,False,0.6469383924779579,0.8880314826965332,0.8,0.9655172413793103,0.0,0.0,0.0,1.0,0.2222049378875086,1.0,0.0,0.0,0.0,0.0,0.0,1.0,1.0,1.0,0.7239206470967491,duplicate_dd2899a5da02f671,0.5311184077674699,False,False,False,assumed_no_match,manual_review,
http://www.google.com/base/feeds/snippets/13738577569835555248,b000a6jrwq,0.12068909219007828,0.3436179459095001,,5,0.015384615384615385,9,dense,False,0.12068909219007828,0.3436179459095001,0.11764705882352941,0.5737704918032787,0.0,0.0,0.0,1.0,0.0,1.0,0.0,0.0,0.0,0.0,1.0,0.0,0.0,0.2,0.002321404005507353,duplicate_7493bb1548c2f2a3,0.0013586179083881732,False,False,False,assumed_no_match,auto_no_match,True
http://www.google.com/base/feeds/snippets/13753377846949700108,b00008pbus,0.35194114769882096,0.560555100440979,3,2,0.03200204813108039,3,lexical+dense,False,0.35194114769882096,0.560555100440979,0.26666666666666666,0.6060606060606061,0.0,0.0,0.0,1.0,0.0,1.0,0.0,0.0,0.0,0.0,1.0,1.0,0.3333333333333333,0.5,0.01367630969377926,duplicate_7bd6ed90b5588a90,0.002354535048018516,False,False,False,assumed_no_match,auto_no_match,True
http://www.google.com/base/feeds/snippets/13758530883098400588,b0002t867s,0.5545807304970285,0.65693199634552,1,1,0.03278688524590164,1,lexical+dense,False,0.5545807304970285,0.65693199634552,0.23076923076923078,0.7727272727272728,0.0,0.0,0.25,1.0,0.4196372732958099,1.0,0.0,0.0,0.0,0.0,0.0,1.0,1.0,1.0,0.046153617488563094,duplicate_8b1ca6b9c62ed02f,0.04097254005098326,False,False,False,assumed_no_match,manual_review,
http://www.google.com/base/feeds/snippets/13768576079216383462,b00008pbus,0.356354067576197,0.5570524334907532,3,2,0.03200204813108039,3,lexical+dense,False,0.356354067576197,0.5570524334907532,0.26666666666666666,0.6060606060606061,0.0,0.0,0.0,1.0,0.0,1.0,0.0,0.0,0.0,0.0,1.0,1.0,0.3333333333333333,0.5,0.013722227090447714,duplicate_4107b514aae4463a,0.001153724381742504,False,False,False,assumed_no_match,auto_no_match,True
http://www.google.com/base/feeds/snippets/13776469109811872414,b00032hey0,0.6072732540913367,0.8284553289413452,1,1,0.03278688524590164,1,lexical+dense,False,0.6072732540913367,0.8284553289413452,0.4166666666666667,0.7049180327868853,0.0,0.0,0.3333333333333333,1.0,0.0,1.0,0.0,0.0,0.0,0.0,0.0,1.0,1.0,1.0,0.38299945062677176,duplicate_fb86c082a5552aa1,0.17859105230356567,True,True,True,top_gold_match,manual_review,
http://www.google.com/base/feeds/snippets/13815880020874835605,b00022ptt8,0.20042261174152126,0.5102481842041016,,1,0.01639344262295082,7,dense,False,0.20042261174152126,0.5102481842041016,0.25,0.7951807228915664,0.0,0.0,0.0,1.0,0.31451572578628934,1.0,0.0,0.0,0.0,0.0,0.0,0.0,0.0,1.0,0.020007202123664625,duplicate_8108c34b52dd135b,0.009167952560644902,False,False,False,assumed_no_match,manual_review,
http://www.google.com/base/feeds/snippets/13816264129023871640,b000bt55a0,0.2607545519477388,0.6910009980201721,3,1,0.032266458495966696,1,lexical+dense,False,0.2607545519477388,0.6910009980201721,0.4117647058823529,0.796116504854369,0.0,0.0,0.6666666666666666,1.0,0.06004118454598934,1.0,0.0,0.0,0.0,0.0,0.0,1.0,0.3333333333333333,1.0,0.15803298048865472,duplicate_f985d7bc1118a2bb,0.13815793656331593,False,False,False,assumed_no_match,manual_review,
http://www.google.com/base/feeds/snippets/13825743693732119715,b00013wgz8,0.3087010268232041,0.6762979626655579,1,1,0.03278688524590164,1,lexical+dense,False,0.3087010268232041,0.6762979626655579,0.0,0.35294117647058826,0.0,0.0,0.0,0.0,0.15001500150015,1.0,0.0,0.0,0.0,0.0,0.0,1.0,1.0,1.0,0.012313573789725968,duplicate_7cc49a9b861b6ed0,0.007109498044429692,True,False,False,retrieval_miss,auto_no_match,False
http://www.google.com/base/feeds/snippets/13830033675761129549,b000lrdlia,0.6191792732021271,0.7522839903831482,1,1,0.03278688524590164,1,lexical+dense,False,0.6191792732021271,0.7522839903831482,0.6666666666666666,0.8157894736842105,0.0,0.0,0.0,0.0,0.0,1.0,0.0,0.0,0.0,0.0,0.0,1.0,1.0,1.0,0.7817383850137638,duplicate_394f1302b5b9e5bb,0.7089669607231562,True,True,True,top_gold_match,manual_review,
http://www.google.com/base/feeds/snippets/13831527178214062853,b000lu89xy,0.618592571755476,0.6542575359344482,1,2,0.03252247488101534,2,lexical+dense,False,0.618592571755476,0.6542575359344482,0.6,1.0,0.0,0.0,0.0,0.0,0.0,1.0,0.0,0.0,1.0,0.0,0.0,1.0,1.0,0.5,0.8519485468916438,duplicate_5e2bd5c640948a2c,0.7919271842090123,True,True,True,top_gold_match,manual_review,
http://www.google.com/base/feeds/snippets/13833288364308814775,b000h2421o,0.5539591833086592,0.5999164581298828,1,1,0.03278688524590164,1,lexical+dense,False,0.5539591833086592,0.5999164581298828,0.45454545454545453,1.0,0.0,0.0,0.3333333333333333,1.0,0.1353919239904988,1.0,0.0,0.0,0.0,0.0,0.0,1.0,1.0,1.0,0.4416925759991935,duplicate_46acf38e9ed0d96b,0.4084047014763675,False,False,False,assumed_no_match,manual_review,
http://www.google.com/base/feeds/snippets/13834985344480832776,b0009yegpc,0.8332927359509475,0.8351570963859558,1,1,0.03278688524590164,1,lexical+dense,False,0.8332927359509475,0.8351570963859558,0.6666666666666666,1.0,0.0,0.0,0.0,0.0,0.040040040040040074,1.0,0.0,0.0,0.0,0.0,0.0,1.0,1.0,1.0,0.9507212197595631,duplicate_4a297991b52ff748,0.9404702867475662,True,True,True,top_gold_match,manual_review,
http://www.google.com/base/feeds/snippets/13919947739364726744,b000h3lza4,0.30871187538398015,0.6764088273048401,4,3,0.03149801587301587,4,lexical+dense,False,0.30871187538398015,0.6764088273048401,0.7777777777777778,0.967741935483871,0.0,0.0,0.3333333333333333,1.0,0.00990099009900985,1.0,0.0,0.0,0.0,0.0,0.0,1.0,0.25,0.3333333333333333,0.5743937211062745,duplicate_b20ca2bd5b1f596e,0.526844182678668,True,True,True,top_gold_match,manual_review,
http://www.google.com/base/feeds/snippets/13943198822813790646,b000hed3fs,0.032956928925782586,0.361915647983551,,10,0.014285714285714285,18,dense,False,0.032956928925782586,0.361915647983551,0.0,0.3655913978494624,0.0,0.0,0.0,1.0,0.10001000100010002,1.0,0.0,0.0,0.0,0.0,0.0,0.0,0.0,0.1,0.0012827184780131956,duplicate_0e2d75c6416e2d81,9.359702743658637e-05,False,False,False,assumed_no_match,auto_no_match,True
http://www.google.com/base/feeds/snippets/13962528990635632990,b000kzf7oo,0.31091914087757655,0.4849831461906433,1,1,0.03278688524590164,1,lexical+dense,False,0.31091914087757655,0.4849831461906433,0.0,0.4,0.0,0.0,0.0,1.0,0.2646626466264662,1.0,0.0,0.0,0.0,0.0,0.0,1.0,1.0,1.0,0.002393006401099622,duplicate_5f0bf385b1ce6ed6,0.0012077785598664412,False,False,False,assumed_no_match,auto_no_match,True
http://www.google.com/base/feeds/snippets/13970974095795851445,b000hbys5k,0.12596807563577953,0.26719558238983154,7,11,0.02900988017658188,6,lexical+dense,False,0.12596807563577953,0.26719558238983154,0.0,0.3448275862068965,0.0,0.0,0.0,0.0,0.042532809656097306,1.0,0.0,0.0,0.0,0.0,0.0,1.0,0.14285714285714285,0.09090909090909091,0.003540622679023768,duplicate_618daec3209078ac,0.0009285416007668635,False,False,False,assumed_no_match,auto_no_match,True
http://www.google.com/base/feeds/snippets/14007918865629410175,b000o3d9ce,0.47893240486819083,0.7686061263084412,3,2,0.03200204813108039,2,lexical+dense,False,0.47893240486819083,0.7686061263084412,0.36363636363636365,1.0,0.0,0.0,0.3333333333333333,1.0,0.1255313828457115,1.0,0.0,0.0,0.0,0.0,0.0,1.0,0.3333333333333333,0.5,0.46794914332432375,duplicate_e07bbe75ad78fe08,0.07648910903222106,True,True,True,top_gold_match,manual_review,
http://www.google.com/base/feeds/snippets/14092268280623326615,b000083k83,0.16665978869228137,0.2782091200351715,2,17,0.029116045245077504,5,lexical+dense,False,0.16665978869228137,0.2782091200351715,0.05555555555555555,0.4482758620689655,0.0,0.0,0.0,1.0,0.0,1.0,0.0,1.0,1.0,0.0,1.0,1.0,0.5,0.058823529411764705,0.001445243221290812,duplicate_39a74486d5c7c489,0.00038529320254113175,False,False,False,assumed_no_match,auto_no_match,True
http://www.google.com/base/feeds/snippets/14182231694994497845,b000gpsz42,0.4075874805405531,0.6481345891952515,1,1,0.03278688524590164,1,lexical+dense,False,0.4075874805405531,0.6481345891952515,0.375,0.7796610169491526,0.0,0.0,0.0,1.0,0.16647206005004175,1.0,0.0,0.0,0.0,0.0,0.0,1.0,1.0,1.0,0.11477519845846314,duplicate_874626f14533fdf1,0.08025039855654854,False,False,False,assumed_no_match,manual_review,
http://www.google.com/base/feeds/snippets/14201075355672015693,b000fqvxf0,0.10215767447606354,0.5100271701812744,,1,0.01639344262295082,3,dense,False,0.10215767447606354,0.5100271701812744,0.2222222222222222,0.6,0.0,0.0,0.0,0.0,0.0,1.0,0.0,0.0,0.0,0.0,1.0,0.0,0.0,1.0,0.01172079379736205,duplicate_735da39ebe6d661c,0.0007861133621396982,False,False,False,assumed_no_match,auto_no_match,True
http://www.google.com/base/feeds/snippets/14204242183520411603,b00006l3us,0.17453025850406398,0.303749680519104,1,1,0.03278688524590164,1,lexical+dense,False,0.17453025850406398,0.303749680519104,0.07142857142857142,0.3440860215053763,0.0,0.0,0.0,1.0,0.0,1.0,0.0,0.0,1.0,0.0,1.0,1.0,1.0,1.0,0.0006130087067711976,duplicate_6d24e20e48e4ed29,8.704918583803947e-05,False,False,False,assumed_no_match,auto_no_match,True
http://www.google.com/base/feeds/snippets/142166050623877730,b000lwfbem,0.1337022202580609,0.08516326546669006,8,,0.014705882352941176,16,lexical,False,0.1337022202580609,0.08516326546669006,0.0,0.20512820512820512,0.0,0.0,0.0,1.0,0.06845889340418874,1.0,0.0,0.0,0.0,0.0,0.0,0.0,0.125,0.0,0.0003947175171083132,duplicate_474306e3cb3bff72,3.281016813197891e-05,False,False,False,assumed_no_match,auto_no_match,True
http://www.google.com/base/feeds/snippets/14244906079749416423,b0009suw5q,0.3636997946117886,0.582363486289978,1,1,0.03278688524590164,1,lexical+dense,False,0.3636997946117886,0.582363486289978,0.1,0.55,1.0,1.0,0.0,0.0,0.14289797084881403,0.0,0.0,0.0,0.0,0.0,0.0,1.0,1.0,1.0,0.02389562987417543,duplicate_35b2e3d1d30b11a3,0.015158792374377244,False,False,False,assumed_no_match,manual_review,
http://www.google.com/base/feeds/snippets/14380015243565782526,b000h3lza4,0.06347948256123512,0.2766795754432678,15,16,0.02649122807017544,1,lexical+dense,False,0.06347948256123512,0.2766795754432678,0.0,0.3414634146341463,0.0,0.0,0.0,1.0,0.07484848484848482,1.0,0.0,0.0,0.0,0.0,0.0,1.0,0.06666666666666667,0.0625,0.0010921614640824722,duplicate_4518ad3b951b34eb,0.00023332665170074107,False,False,False,assumed_no_match,auto_no_match,True
http://www.google.com/base/feeds/snippets/14483698650009848252,b000ro7h3w,0.19047626425340208,0.45903030037879944,2,,0.016129032258064516,13,lexical,False,0.19047626425340208,0.45903030037879944,0.07692307692307693,0.41666666666666663,0.0,0.0,0.0,0.0,0.6201393286890438,1.0,0.0,0.0,0.0,0.0,0.0,0.0,0.5,0.0,0.0009586660479528591,duplicate_a3278f97a24c6914,4.866210141896458e-05,False,False,False,assumed_no_match,auto_no_match,True
http://www.google.com/base/feeds/snippets/14508068127168005992,b000hbvvg4,0.21379179853897576,0.25372007489204407,6,,0.015151515151515152,11,lexical,False,0.21379179853897576,0.25372007489204407,0.125,0.6153846153846154,0.0,0.0,1.0,0.0,0.00020001000050012731,1.0,0.0,0.0,0.0,0.0,0.0,0.0,0.16666666666666666,0.0,0.030728547396705757,duplicate_8eb5f0c4f5809cb9,0.012504523412537293,False,False,False,assumed_no_match,manual_review,
http://www.google.com/base/feeds/snippets/14792132642669527606,b000gaqlxe,0.46705061175268,0.6012323498725891,1,1,0.03278688524590164,1,lexical+dense,False,0.46705061175268,0.6012323498725891,0.75,1.0,0.0,0.0,0.0,0.0,0.0,1.0,0.0,0.0,0.0,0.0,0.0,1.0,1.0,1.0,0.8258276119437705,duplicate_c9088e9e5f09b1d6,0.8120773426367873,True,True,True,top_gold_match,manual_review,
http://www.google.com/base/feeds/snippets/14798220155665223365,b000b63xha,0.25551576873110043,0.7501895427703857,1,1,0.03278688524590164,1,lexical+dense,False,0.25551576873110043,0.7501895427703857,0.5,0.6818181818181819,0.0,0.0,1.0,0.0,0.1669449081803005,1.0,0.0,0.0,0.0,0.0,0.0,1.0,1.0,1.0,0.1746923727580504,duplicate_8437ca937cda1cdf,0.15061733375458752,True,True,True,top_gold_match,manual_review,
http://www.google.com/base/feeds/snippets/14832301369335122505,b000gaywoe,0.19837827345919404,0.5793652534484863,1,4,0.032018442622950824,2,lexical+dense,False,0.19837827345919404,0.5793652534484863,0.25,0.5970149253731344,0.0,0.0,0.0,0.0,0.7296566539501462,1.0,0.0,0.0,0.0,0.0,0.0,1.0,1.0,0.25,0.00315231490293549,duplicate_9ba9a7c9442fa457,0.0008266024283071134,False,False,False,assumed_no_match,auto_no_match,True
http://www.google.com/base/feeds/snippets/14947336532996914506,b000u1w4us,0.5035547572657284,0.8482109904289246,1,1,0.03278688524590164,1,lexical+dense,False,0.5035547572657284,0.8482109904289246,0.2727272727272727,1.0,0.0,0.0,1.0,0.0,0.5001125028125704,1.0,0.0,0.0,0.0,0.0,0.0,1.0,1.0,1.0,0.3107370351552487,duplicate_1888312cb66464e8,0.29619434986781407,False,False,False,assumed_no_match,manual_review,
http://www.google.com/base/feeds/snippets/15203735208016659510,b00009l1hv,0.2880770106658359,0.6944399476051331,1,1,0.03278688524590164,1,lexical+dense,False,0.2880770106658359,0.6944399476051331,0.5,0.7692307692307692,0.0,0.0,0.0,1.0,0.03810126582278488,1.0,0.0,0.0,0.0,0.0,0.0,1.0,1.0,1.0,0.18419112446923722,duplicate_83a4c4b75860e671,0.1805355438506927,True,True,True,top_gold_match,manual_review,
http://www.google.com/base/feeds/snippets/15310734066191566954,b000e3e2km,0.0829794980733345,0.41606488823890686,,10,0.014285714285714285,18,dense,False,0.0829794980733345,0.41606488823890686,0.23809523809523808,0.679245283018868,0.0,0.0,0.0,1.0,0.0,1.0,0.0,0.0,0.0,0.0,1.0,0.0,0.0,0.1,0.0057095254983364555,duplicate_a689c81041e84070,0.0032205601486890146,False,False,False,assumed_no_match,auto_no_match,True
http://www.google.com/base/feeds/snippets/15315731988494931444,b000ndicze,0.18250525066429005,0.45977547764778137,9,,0.014492753623188406,18,lexical,False,0.18250525066429005,0.45977547764778137,0.75,1.0,0.0,0.0,1.0,0.0,0.04481056477979363,1.0,0.0,0.0,0.0,0.0,0.0,0.0,0.1111111111111111,0.0,0.5442890058988096,duplicate_8d01ccb2fc9a9282,0.5379484017047718,True,True,True,top_gold_match,manual_review,
http://www.google.com/base/feeds/snippets/15315822485835000773,b000pg8kwe,0.5864962170739904,0.8655741810798645,1,1,0.03278688524590164,1,lexical+dense,False,0.5864962170739904,0.8655741810798645,0.375,1.0,0.0,0.0,0.0,0.0,0.0,1.0,0.0,0.0,0.0,0.0,1.0,1.0,1.0,1.0,0.6173577968019566,duplicate_28c1ea0025f75e2b,0.3161325818125633,False,False,False,assumed_no_match,manual_review,
http://www.google.com/base/feeds/snippets/15481209573698256416,b000hed3gm,0.5496316018672885,0.7672686576843262,1,2,0.03252247488101534,1,lexical+dense,False,0.5496316018672885,0.7672686576843262,0.5714285714285714,0.9113924050632911,0.0,0.0,0.0,0.0,0.4701235061753088,1.0,0.0,0.0,0.0,0.0,0.0,1.0,1.0,0.5,0.3357630311023005,duplicate_474464bb8c9090cb,0.07476116661041166,True,True,True,top_gold_match,manual_review,
http://www.google.com/base/feeds/snippets/15544999546747963941,b000h69szu,0.5729430685139015,0.6252718567848206,1,1,0.03278688524590164,1,lexical+dense,False,0.5729430685139015,0.6252718567848206,0.3333333333333333,1.0,0.0,0.0,0.0,0.0,0.0910910910910911,1.0,0.0,0.0,1.0,0.0,0.0,1.0,1.0,1.0,0.6444320497001174,duplicate_251d5d43713b2e39,0.6292572475151799,True,True,True,top_gold_match,manual_review,
http://www.google.com/base/feeds/snippets/15556656056394141993,b000etjjae,0.25090057328880505,0.5923560261726379,1,1,0.03278688524590164,1,lexical+dense,False,0.25090057328880505,0.5923560261726379,0.15384615384615385,0.463768115942029,0.0,0.0,0.0,1.0,0.1666944490748458,1.0,0.0,0.0,0.0,0.0,0.0,1.0,1.0,1.0,0.008046250993474462,duplicate_1aa7f50259da5e72,0.0028166224886815045,False,False,False,assumed_no_match,auto_no_match,True
http://www.google.com/base/feeds/snippets/15649007894453745010,b0007znn48,0.45976672055591855,0.696902334690094,1,2,0.03252247488101534,1,lexical+dense,False,0.45976672055591855,0.696902334690094,0.5,0.8235294117647058,0.0,0.0,0.0,0.0,0.3347782594198066,1.0,0.0,0.0,0.0,0.0,0.0,1.0,1.0,0.5,0.23895180530270024,duplicate_88ce69cb1dc58217,0.19923722904636224,False,False,False,assumed_no_match,manual_review,
http://www.google.com/base/feeds/snippets/15653995612615811614,b000042olp,0.5121678803119429,0.6534783244132996,1,1,0.03278688524590164,1,lexical+dense,False,0.5121678803119429,0.6534783244132996,0.15789473684210525,0.7777777777777777,0.0,0.0,0.0,1.0,0.7050067215318535,1.0,0.0,0.0,0.0,0.0,0.0,1.0,1.0,1.0,0.010286769371293773,duplicate_01ec63e6bde7c8c0,0.003678704311407926,False,False,False,assumed_no_match,auto_no_match,True
http://www.google.com/base/feeds/snippets/15676630693129571804,b000enucvk,0.20551980937315945,0.4110828638076782,2,2,0.03225806451612903,2,lexical+dense,False,0.20551980937315945,0.4110828638076782,0.16666666666666666,0.5555555555555556,0.0,0.0,0.0,0.0,0.25012506253126554,1.0,0.0,0.0,0.0,0.0,0.0,1.0,0.5,0.5,0.0114005030783402,duplicate_0ef62383948af9a3,0.00855376199714769,False,False,False,assumed_no_match,auto_no_match,True
http://www.google.com/base/feeds/snippets/15750563360709921261,b000ehpzyu,0.3814635394064134,0.5230973958969116,1,5,0.03177805800756621,2,lexical+dense,False,0.3814635394064134,0.5230973958969116,0.25,0.676923076923077,0.0,0.0,0.0,1.0,0.0,1.0,0.0,0.0,0.0,0.0,1.0,1.0,1.0,0.2,0.01890251919112257,duplicate_454cf13a7371b6ee,0.0009112463864965337,False,False,False,assumed_no_match,auto_no_match,True
http://www.google.com/base/feeds/snippets/15829485788264928976,b0000cg4ah,0.14195736084256294,0.3928879499435425,10,9,0.02877846790890269,6,lexical+dense,False,0.14195736084256294,0.3928879499435425,0.038461538461538464,0.44,0.0,0.0,0.0,1.0,0.0,1.0,0.0,1.0,0.0,0.0,1.0,1.0,0.1,0.1111111111111111,0.0017254409635534807,duplicate_c9bc3988d97fdd54,0.0003243641454832263,False,False,False,assumed_no_match,auto_no_match,True
http://www.google.com/base/feeds/snippets/15883771067913561390,b0000aka82,0.2832699454596603,0.5393297672271729,2,3,0.03200204813108039,3,lexical+dense,False,0.2832699454596603,0.5393297672271729,0.4444444444444444,1.0,0.0,0.0,0.0,0.0,0.5698566188729576,1.0,0.0,0.0,0.0,0.0,0.0,1.0,0.5,0.3333333333333333,0.08734535639930963,duplicate_4601ddbd412c4005,0.032146544816298285,True,True,True,top_gold_match,manual_review,
http://www.google.com/base/feeds/snippets/15905434410209587172,b000v7rij8,0.2605862720991146,0.296904057264328,1,,0.01639344262295082,6,lexical,False,0.2605862720991146,0.296904057264328,0.1111111111111111,0.8,0.0,0.0,0.0,0.0,0.5594940432416531,1.0,0.0,0.0,1.0,0.0,0.0,0.0,1.0,0.0,0.007636567178851572,duplicate_164cfb8cc46c1c71,0.0038778755446905082,False,False,False,assumed_no_match,auto_no_match,True
http://www.google.com/base/feeds/snippets/15933205235519328818,b00006jo4g,0.3397778050899598,0.712157666683197,3,8,0.03057889822595705,4,lexical+dense,False,0.3397778050899598,0.712157666683197,0.8,1.0,0.0,0.0,0.0,0.0,0.0008001600320063842,1.0,0.0,0.0,0.0,0.0,0.0,1.0,0.3333333333333333,0.125,0.829492185206837,duplicate_8c18fc3536864fe3,0.20784305983225893,True,True,True,top_gold_match,manual_review,
http://www.google.com/base/feeds/snippets/15947453625134334280,b000qxd2tc,0.3527978851355074,0.8161356449127197,4,1,0.032018442622950824,2,lexical+dense,False,0.3527978851355074,0.8161356449127197,0.38461538461538464,0.9206349206349206,0.0,0.0,0.6666666666666666,1.0,0.5813066583307284,1.0,0.0,0.0,0.0,0.0,0.0,1.0,0.25,1.0,0.05857572548389123,duplicate_5dbf1114dc43c453,0.006477553048010176,False,False,False,assumed_no_match,manual_review,
http://www.google.com/base/feeds/snippets/16012614980599950455,b000hcvr1m,0.36453668173375064,0.7954224944114685,2,1,0.03252247488101534,2,lexical+dense,False,0.36453668173375064,0.7954224944114685,0.6,0.8,0.0,0.0,1.0,0.0,0.5216786257882148,1.0,0.0,0.0,0.0,0.0,0.0,1.0,0.5,1.0,0.13483259075189627,duplicate_75db5ae5ca20507a,0.03551659061656122,False,False,False,assumed_no_match,manual_review,
http://www.google.com/base/feeds/snippets/16080101328048625984,b00006jo4g,0.2680974172728525,0.6315160393714905,7,8,0.029631255487269532,6,lexical+dense,False,0.2680974172728525,0.6315160393714905,0.26666666666666666,1.0,0.0,0.0,0.0,0.0,0.08041608321664338,1.0,0.0,0.0,0.0,0.0,0.0,1.0,0.14285714285714285,0.125,0.42354552579684906,duplicate_541bba535e418158,0.29579862610159224,True,True,True,top_gold_match,manual_review,
http://www.google.com/base/feeds/snippets/16092339476150011063,b00083xtiy,0.0,0.2734885811805725,,7,0.014925373134328358,14,dense,False,0.0,0.2734885811805725,0.0,0.36111111111111116,0.0,0.0,0.0,0.0,0.0,1.0,0.0,1.0,0.0,0.0,1.0,0.0,0.0,0.14285714285714285,0.0011443675877386764,duplicate_28ee82b0345dd19c,0.00036028565758839,False,False,False,assumed_no_match,auto_no_match,True
http://www.google.com/base/feeds/snippets/16481921705623851193,b000hbxjuk,0.3735541487841373,0.797614574432373,1,1,0.03278688524590164,1,lexical+dense,False,0.3735541487841373,0.797614574432373,0.3,0.6888888888888889,0.0,0.0,0.5,1.0,0.20008400168003365,1.0,0.0,0.0,0.0,0.0,0.0,1.0,1.0,1.0,0.07710005659484227,duplicate_bbf5b4adbad4b308,0.024559222287912956,False,False,False,assumed_no_match,manual_review,
http://www.google.com/base/feeds/snippets/16494801122597503782,b000hbys5k,0.3475559197978325,0.7343798279762268,2,2,0.03225806451612903,2,lexical+dense,False,0.3475559197978325,0.7343798279762268,0.8,0.9491525423728814,0.0,0.0,1.0,0.0,0.00040004000400032047,1.0,0.0,0.0,0.0,0.0,0.0,1.0,0.5,0.5,0.8127055739183997,duplicate_040a372d9962cdbb,0.7980179604125277,False,False,False,assumed_no_match,manual_review,
http://www.google.com/base/feeds/snippets/16559620897373798111,b0000c6fjm,0.2759468418188317,0.5760644674301147,5,7,0.030309988518943745,3,lexical+dense,False,0.2759468418188317,0.5760644674301147,0.4444444444444444,0.7792207792207791,0.0,0.0,1.0,0.0,0.5627578447305913,1.0,0.0,0.0,0.0,0.0,0.0,1.0,0.2,0.14285714285714285,0.03392090008651708,duplicate_9486e25108558ce1,0.0196337307227507,False,False,False,assumed_no_match,manual_review,
http://www.google.com/base/feeds/snippets/16600132802508901129,b00005rd70,0.2695094331086545,0.6060563325881958,2,1,0.03252247488101534,1,lexical+dense,False,0.2695094331086545,0.6060563325881958,0.18181818181818182,0.5714285714285715,0.0,0.5714285714285714,0.0,0.0,0.17504376094023505,0.0,0.0,0.0,0.0,0.0,0.0,1.0,0.5,1.0,0.08428050215770667,duplicate_84e0ab000f9e2b72,0.010326422377034544,False,False,False,assumed_no_match,manual_review,
http://www.google.com/base/feeds/snippets/16669031204963928062,b000jx1kdy,0.019195151871152172,0.26748088002204895,,7,0.014925373134328358,14,dense,False,0.019195151871152172,0.26748088002204895,0.0,0.3111111111111111,0.0,0.0,0.0,0.0,0.09850881156800723,1.0,0.0,0.0,1.0,0.0,0.0,0.0,0.0,0.14285714285714285,0.0016095326620374738,duplicate_4817ffb992a6947d,0.0006112982133816502,False,False,False,assumed_no_match,auto_no_match,True
http://www.google.com/base/feeds/snippets/16673725682059181917,b000ivjv10,0.6548010333981171,0.8050414323806763,1,1,0.03278688524590164,1,lexical+dense,False,0.6548010333981171,0.8050414323806763,0.7142857142857143,1.0,0.0,0.0,0.0,0.0,0.0,1.0,0.0,0.0,0.0,0.0,1.0,1.0,1.0,1.0,0.7702942754152245,duplicate_043635f9ab1ff877,0.5259025336749498,True,True,True,top_gold_match,manual_review,
http://www.google.com/base/feeds/snippets/16676630267570211401,b0000899lt,0.9336115670687668,0.8732362389564514,1,1,0.03278688524590164,1,lexical+dense,False,0.9336115670687668,0.8732362389564514,0.3333333333333333,0.6947368421052631,0.0,0.0,0.0,0.0,0.43547849283094364,1.0,0.0,0.0,0.0,0.0,0.0,1.0,1.0,1.0,0.32627586661958047,duplicate_85c36bd625b25a77,0.31649610665079125,True,True,True,top_gold_match,manual_review,
http://www.google.com/base/feeds/snippets/16690738478999740250,b000ivjv10,0.5111097373420936,0.6990057229995728,1,7,0.03131881575727918,3,lexical+dense,False,0.5111097373420936,0.6990057229995728,0.5,0.8955223880597015,0.0,0.0,0.0,0.0,0.0,1.0,0.0,0.0,0.0,0.0,1.0,1.0,1.0,0.14285714285714285,0.3738482748134444,duplicate_7bd2192f34c25df4,0.08238484582764966,True,False,True,reranking_miss,manual_review,
http://www.google.com/base/feeds/snippets/16700933768709687512,b000nkklwe,0.42263754975319945,0.8434849381446838,1,1,0.03278688524590164,1,lexical+dense,False,0.42263754975319945,0.8434849381446838,0.6,1.0,0.0,0.0,0.0,0.0,0.16858429214607293,1.0,0.0,0.0,0.0,0.0,0.0,1.0,1.0,1.0,0.7389569982135716,duplicate_f29687d4d2ce6f77,0.7290027494345944,True,True,True,top_gold_match,manual_review,
http://www.google.com/base/feeds/snippets/16720347622986234211,b000a40w4a,0.40805794564589914,0.729852557182312,1,1,0.03278688524590164,1,lexical+dense,False,0.40805794564589914,0.729852557182312,0.38461538461538464,0.7666666666666667,0.0,0.0,0.0,0.0,0.41480493497832605,1.0,0.0,0.0,1.0,0.0,0.0,1.0,1.0,1.0,0.10118129851514239,duplicate_b944e3416b61124a,0.09856782655730388,True,True,True,top_gold_match,manual_review,
http://www.google.com/base/feeds/snippets/16747212080886022189,b000emgcxs,0.49313412741444673,0.7250869274139404,1,1,0.03278688524590164,1,lexical+dense,False,0.49313412741444673,0.7250869274139404,0.5714285714285714,0.7272727272727272,0.0,0.0,1.0,0.0,0.15170758537926898,1.0,0.0,0.0,0.0,0.0,0.0,1.0,1.0,1.0,0.38894247997271153,duplicate_a2ed107b8f559d38,0.384698275345073,False,False,False,assumed_no_match,manual_review,
http://www.google.com/base/feeds/snippets/16755998660217650315,b000pihtbk,0.1357706438279666,0.3224490284919739,7,,0.014925373134328358,14,lexical,False,0.1357706438279666,0.3224490284919739,0.05263157894736842,0.39097744360902253,0.0,0.0,0.0,0.0,0.22429181218471095,1.0,0.0,0.0,1.0,0.0,0.0,0.0,0.14285714285714285,0.0,0.0025636306553841037,duplicate_352ce1b8548906f1,0.00040226327870324314,False,False,False,assumed_no_match,auto_no_match,True
http://www.google.com/base/feeds/snippets/16761652643579553206,b0009qvgeo,0.15936536632286047,0.39209794998168945,1,20,0.02889344262295082,1,lexical+dense,False,0.15936536632286047,0.39209794998168945,0.06666666666666667,0.4719101123595506,0.0,0.0,0.0,0.0,0.0020010005002500824,1.0,0.0,0.0,0.0,0.0,0.0,1.0,1.0,0.05,0.014917980022314708,duplicate_fbbd3492fe773e87,0.008091312533966923,False,False,False,assumed_no_match,auto_no_match,True
http://www.google.com/base/feeds/snippets/16778737466501327415,b000v7rij8,0.8172951335370428,0.8533464074134827,1,1,0.03278688524590164,1,lexical+dense,False,0.8172951335370428,0.8533464074134827,0.4,1.0,0.0,0.0,0.0,0.0,0.17161936560934893,1.0,0.0,1.0,1.0,0.0,0.0,1.0,1.0,1.0,0.8778375222290177,duplicate_a1e9aa271a90e85d,0.4274911840279433,True,True,True,top_gold_match,manual_review,
http://www.google.com/base/feeds/snippets/16793437722628106463,b000nif4im,0.6327298461414905,0.7274294495582581,1,1,0.03278688524590164,1,lexical+dense,False,0.6327298461414905,0.7274294495582581,0.42857142857142855,1.0,0.0,0.0,0.0,0.0,0.07553776888444212,1.0,0.0,0.0,0.0,0.0,0.0,1.0,1.0,1.0,0.8040792765932437,duplicate_3bc464dab73a98c6,0.7885807813663963,True,True,True,top_gold_match,manual_review,
http://www.google.com/base/feeds/snippets/16807062475701120384,b000ag5sb0,0.1335669789130477,0.15777750313282013,1,,0.01639344262295082,1,lexical,False,0.1335669789130477,0.15777750313282013,0.0,0.41379310344827586,0.0,0.0,0.0,0.0,0.2566283141570785,1.0,0.0,0.0,0.0,0.0,0.0,0.0,1.0,0.0,0.001481794681397826,duplicate_148ddc301fa133f4,0.00033242161793808987,False,False,False,assumed_no_match,auto_no_match,True
http://www.google.com/base/feeds/snippets/16862951998092117648,b000g80lku,0.49314174863690247,0.7402336597442627,2,2,0.03225806451612903,2,lexical+dense,False,0.49314174863690247,0.7402336597442627,0.6666666666666666,0.8166666666666668,0.0,0.0,1.0,0.0,0.015960319206384164,1.0,0.0,0.0,0.0,0.0,0.0,1.0,0.5,0.5,0.7048779901690992,duplicate_f539d78efad686c7,0.04935150439562097,True,True,True,top_gold_match,manual_review,
http://www.google.com/base/feeds/snippets/16864787252003328535,b000v7rij8,0.11138035628089471,0.3654990792274475,12,2,0.030017921146953404,5,lexical+dense,False,0.11138035628089471,0.3654990792274475,0.16666666666666666,0.8,0.0,0.0,0.0,0.0,0.18325606763021549,1.0,0.0,0.0,1.0,0.0,0.0,1.0,0.08333333333333333,0.5,0.03473832708832738,duplicate_320a2924ab655a95,0.02463707155607333,False,False,False,assumed_no_match,manual_review,
http://www.google.com/base/feeds/snippets/16899757809733800311,b000v7rij8,0.17474913337971154,0.3570505678653717,5,1,0.03177805800756621,1,lexical+dense,False,0.17474913337971154,0.3570505678653717,0.125,0.8,0.0,0.0,0.0,0.0,0.6250417362270451,1.0,0.0,0.0,1.0,0.0,0.0,1.0,0.2,1.0,0.005361926187830297,duplicate_7f5415d9f19e8785,0.002113466396715316,False,False,False,assumed_no_match,auto_no_match,True
http://www.google.com/base/feeds/snippets/16907786215782190113,b000hbys5k,0.12987775401620125,0.10591002553701401,6,,0.015151515151515152,12,lexical,False,0.12987775401620125,0.10591002553701401,0.0,0.31578947368421056,0.0,0.0,0.0,0.0,0.08364182091045522,1.0,0.0,0.0,0.0,0.0,0.0,0.0,0.16666666666666666,0.0,0.001629032912074936,duplicate_8855e56834aae50f,3.6552420590895036e-05,False,False,False,assumed_no_match,auto_no_match,True
http://www.google.com/base/feeds/snippets/16908015325729489564,b000ra5bmk,0.27790979918208414,0.42011210322380066,2,3,0.03200204813108039,2,lexical+dense,False,0.27790979918208414,0.42011210322380066,0.2222222222222222,1.0,0.0,0.0,0.0,0.0,0.05102551275637817,1.0,0.0,0.0,0.0,0.0,0.0,1.0,0.5,0.3333333333333333,0.30312750154852774,duplicate_18702c8690e31876,0.2947692405250399,True,True,True,top_gold_match,manual_review,
http://www.google.com/base/feeds/snippets/16916049275137353118,b000jx5shs,0.025803489264166885,0.3722115457057953,,3,0.015873015873015872,6,dense,False,0.025803489264166885,0.3722115457057953,0.0,0.34,0.0,0.0,0.0,0.0,0.0,1.0,0.0,0.0,1.0,0.0,1.0,0.0,0.0,0.3333333333333333,0.0009396848267587011,duplicate_d51e20adfb026014,0.00021109501482976763,False,False,False,assumed_no_match,auto_no_match,True
http://www.google.com/base/feeds/snippets/16917437492135092265,b000hcu7b8,0.5462321970493837,0.7969324588775635,1,1,0.03278688524590164,1,lexical+dense,False,0.5462321970493837,0.7969324588775635,0.5,1.0,0.0,0.0,0.0,0.0,0.03440688137627523,1.0,0.0,0.0,0.0,0.0,0.0,1.0,1.0,1.0,0.842487276944385,duplicate_6ba5fedff06022f6,0.8353594848535068,True,True,True,top_gold_match,manual_review,
http://www.google.com/base/feeds/snippets/16921328283361819228,b000gcgq82,0.6250467522053921,0.8800243735313416,1,1,0.03278688524590164,1,lexical+dense,False,0.6250467522053921,0.8800243735313416,0.4,1.0,0.0,0.0,0.0,0.0,0.13606803401700845,1.0,0.0,0.0,0.0,0.0,0.0,1.0,1.0,1.0,0.8155775742874308,duplicate_ec4d38b84ef3b59e,0.8107373648192525,True,True,True,top_gold_match,manual_review,
http://www.google.com/base/feeds/snippets/16931938905055255764,b000emcays,0.042213884023501354,0.2719464898109436,,11,0.014084507042253521,20,dense,False,0.042213884023501354,0.2719464898109436,0.0,0.29787234042553196,0.0,0.0,0.0,0.0,0.07453726863431709,1.0,0.0,0.0,0.0,0.0,0.0,0.0,0.0,0.09090909090909091,0.0018815858687926898,duplicate_09ef50601ba47593,0.001113904489720341,False,False,False,assumed_no_match,auto_no_match,True
http://www.google.com/base/feeds/snippets/1695089910833084773,b000cqyclu,0.39310166257085444,0.5219878554344177,1,1,0.03278688524590164,1,lexical+dense,False,0.39310166257085444,0.5219878554344177,0.8,1.0,0.0,0.0,0.0,0.0,0.6694490818030049,1.0,0.0,0.0,0.0,0.0,0.0,1.0,1.0,1.0,0.14389013920160018,duplicate_9fcf84301639bc6c,0.14077626465563936,True,True,True,top_gold_match,manual_review,
http://www.google.com/base/feeds/snippets/16956549603239486399,b00083xtiy,0.006255043811516739,0.28049612045288086,,9,0.014492753623188406,17,dense,False,0.006255043811516739,0.28049612045288086,0.0,0.3655913978494624,0.0,0.0,0.0,0.0,0.0,1.0,0.0,1.0,0.0,0.0,1.0,0.0,0.0,0.1111111111111111,0.0012181179086214742,duplicate_895039fe07837521,0.00070317292864851,False,False,False,assumed_no_match,auto_no_match,True
http://www.google.com/base/feeds/snippets/16964964575879653222,b000hcxklc,0.21176713633090258,0.4785182774066925,,3,0.015873015873015872,10,dense,False,0.21176713633090258,0.4785182774066925,0.4,0.6086956521739131,0.0,0.0,1.0,0.0,0.0003636694244930634,1.0,0.0,0.0,0.0,0.0,0.0,0.0,0.0,0.3333333333333333,0.09178567549529454,duplicate_f516f205e923d367,0.0404025541328632,False,False,False,assumed_no_match,manual_review,
http://www.google.com/base/feeds/snippets/16970807015700719128,b000lozewy,0.09497316768373291,0.35906946659088135,,2,0.016129032258064516,4,dense,False,0.09497316768373291,0.35906946659088135,0.0,0.2666666666666667,0.0,0.0,0.0,0.0,0.19342723004694834,1.0,0.0,0.0,0.0,0.0,0.0,0.0,0.0,0.5,0.0013952607144867906,duplicate_bad76d5073dd60fd,3.490530288210135e-06,False,False,False,assumed_no_match,auto_no_match,True
http://www.google.com/base/feeds/snippets/16974008974544976244,b000pienlo,0.32326092338503487,0.764046847820282,1,1,0.03278688524590164,1,lexical+dense,False,0.32326092338503487,0.764046847820282,0.4,0.7037037037037037,0.0,0.0,0.0,0.0,0.015676959619952448,1.0,0.0,0.0,0.0,0.0,0.0,1.0,1.0,1.0,0.3129666048608752,duplicate_ca9bc58d3560fba1,0.30043088718959665,True,True,True,top_gold_match,manual_review,
http://www.google.com/base/feeds/snippets/16975145788941880604,b000f7ev1w,0.19437168692507958,0.5791234970092773,4,5,0.031009615384615385,4,lexical+dense,False,0.19437168692507958,0.5791234970092773,0.16666666666666666,0.42857142857142855,0.0,0.0,1.0,0.0,0.23078698361412425,1.0,0.0,0.0,0.0,0.0,0.0,1.0,0.25,0.2,0.010465884247402421,duplicate_a019f51d30260f3e,0.00552126606224648,False,False,False,assumed_no_match,auto_no_match,True
http://www.google.com/base/feeds/snippets/16993013358619624264,b000aly75i,0.05068876836451178,0.26776716113090515,,7,0.014925373134328358,15,dense,False,0.05068876836451178,0.26776716113090515,0.0,0.4086021505376344,0.0,0.0,0.0,0.0,0.09850881156800723,1.0,0.0,0.0,0.0,0.0,0.0,0.0,0.0,0.14285714285714285,0.0030876049236291067,duplicate_15cf74c066c40044,0.0012516586172821298,False,False,False,assumed_no_match,auto_no_match,True
http://www.google.com/base/feeds/snippets/17020261670293385352,b0002w30e4,0.30172092143526735,0.6556358933448792,1,1,0.03278688524590164,1,lexical+dense,False,0.30172092143526735,0.6556358933448792,0.5555555555555556,0.75,0.0,0.0,0.0,0.0,0.04602301150575279,1.0,0.0,0.0,0.0,0.0,0.0,1.0,1.0,1.0,0.32627917665298606,duplicate_e9369147cc9b3049,0.3222046034496638,True,True,True,top_gold_match,manual_review,
http://www.google.com/base/feeds/snippets/17022059155449110234,b000nkpf7k,0.4799872112678385,0.625270664691925,1,1,0.03278688524590164,1,lexical+dense,False,0.4799872112678385,0.625270664691925,0.08333333333333333,0.5274725274725275,0.0,0.5714285714285714,0.0,0.0,0.048120300751879744,0.0,0.0,0.0,0.0,0.0,0.0,1.0,1.0,1.0,0.17339851237498413,duplicate_32efea5d0eab289a,0.1171230286791981,False,False,False,assumed_no_match,manual_review,
http://www.google.com/base/feeds/snippets/17075992384109050018,b0001mbatc,0.5126910368209725,0.656730055809021,1,1,0.03278688524590164,1,lexical+dense,False,0.5126910368209725,0.656730055809021,0.5,0.9,0.0,0.0,0.0,0.0,0.08736245415138372,1.0,0.0,0.0,0.0,0.0,0.0,1.0,1.0,1.0,0.6012403692249418,duplicate_a2f694ed8d77f066,0.5972420241471588,True,True,True,top_gold_match,manual_review,
http://www.google.com/base/feeds/snippets/17079453403984087719,b000in351k,0.37422125865810874,0.6161525845527649,3,2,0.03200204813108039,2,lexical+dense,False,0.37422125865810874,0.6161525845527649,0.7,1.0,0.0,0.0,1.0,0.0,0.3844263466209459,1.0,0.0,0.0,0.0,0.0,0.0,1.0,0.3333333333333333,0.5,0.3920108267102533,duplicate_1c02156c36f6d0c4,0.30056224884207117,True,True,True,top_gold_match,manual_review,
http://www.google.com/base/feeds/snippets/17097582636162965222,b000o8g7z0,0.45994922804594307,0.5770938396453857,1,1,0.03278688524590164,1,lexical+dense,False,0.45994922804594307,0.5770938396453857,0.08333333333333333,0.41666666666666663,0.0,0.0,0.0,0.0,0.0,1.0,0.0,0.0,0.0,0.0,1.0,1.0,1.0,1.0,0.011657813895482589,duplicate_8b5ebe1fb8f3fbe2,0.004856676477082647,False,False,False,assumed_no_match,auto_no_match,True
http://www.google.com/base/feeds/snippets/17110430434010171078,b00002s8if,0.27464665358480456,0.48235851526260376,3,2,0.03200204813108039,1,lexical+dense,False,0.27464665358480456,0.48235851526260376,0.3,0.7804878048780488,0.0,0.0,0.0,0.0,0.0,1.0,0.0,0.0,1.0,0.0,1.0,1.0,0.3333333333333333,0.5,0.05033593594313555,duplicate_0fa7449e3f7a84e7,0.030381178015597015,True,True,True,top_gold_match,manual_review,
http://www.google.com/base/feeds/snippets/17138232112312322851,b000pienlo,0.3288485742350424,0.8094200491905212,2,1,0.03252247488101534,1,lexical+dense,False,0.3288485742350424,0.8094200491905212,0.3333333333333333,0.975,0.0,0.0,0.0,1.0,0.0849606200775096,1.0,0.0,0.0,0.0,0.0,0.0,1.0,0.5,1.0,0.3772648001979486,duplicate_5e125f532f08e0f6,0.3623059635848719,True,True,True,top_gold_match,manual_review,
http://www.google.com/base/feeds/snippets/17162159662550747116,b0002jtvng,0.3951565460530407,0.8065682649612427,1,1,0.03278688524590164,1,lexical+dense,False,0.3951565460530407,0.8065682649612427,0.4,0.6190476190476191,0.0,0.0,1.0,0.0,0.6688963210702341,1.0,0.0,0.0,0.0,0.0,0.0,1.0,1.0,1.0,0.02246631254196746,duplicate_e72f0842565fc6c0,0.01615020031344423,False,False,False,assumed_no_match,manual_review,
http://www.google.com/base/feeds/snippets/17191252850597403345,b000g3mer8,0.13560947155523273,0.3402591943740845,,9,0.014492753623188406,16,dense,False,0.13560947155523273,0.3402591943740845,0.043478260869565216,0.41830065359477125,0.0,0.0,0.0,0.0,0.02382347197812925,1.0,0.0,0.0,0.0,0.0,0.0,0.0,0.0,0.1111111111111111,0.00784618063135886,duplicate_f4140617ee4ff731,0.003435191790851393,False,False,False,assumed_no_match,auto_no_match,True
http://www.google.com/base/feeds/snippets/17197123423443781582,b00008pbus,0.3507373847791386,0.7016744613647461,1,2,0.03252247488101534,1,lexical+dense,False,0.3507373847791386,0.7016744613647461,0.22727272727272727,0.6052631578947368,0.0,0.0,0.0,1.0,0.0,1.0,0.0,0.0,0.0,0.0,1.0,1.0,1.0,0.5,0.01853731109039576,duplicate_f19048b454d1d595,0.003899930847907367,False,False,False,assumed_no_match,auto_no_match,True
http://www.google.com/base/feeds/snippets/17211577995885300324,b000v7rij8,0.24909263573526122,0.4119686484336853,2,5,0.0315136476426799,1,lexical+dense,False,0.24909263573526122,0.4119686484336853,0.125,0.8,0.0,0.0,0.0,0.0,0.18325606763021549,1.0,0.0,0.0,1.0,0.0,0.0,1.0,0.5,0.2,0.053817086673624226,duplicate_2fa7db6371ed08d5,0.026504463989648952,False,False,False,assumed_no_match,manual_review,
http://www.google.com/base/feeds/snippets/17217057252565564136,b00066dd5m,0.019147088264442995,0.2637723684310913,,9,0.014492753623188406,17,dense,False,0.019147088264442995,0.2637723684310913,0.0,0.4,0.0,0.0,0.0,0.0,0.0,1.0,0.0,0.0,1.0,0.0,1.0,0.0,0.0,0.1111111111111111,0.000934152180197201,duplicate_12fc62004d99e246,4.125015983983001e-05,False,False,False,assumed_no_match,auto_no_match,True
http://www.google.com/base/feeds/snippets/17260801429218290139,b000051sgq,0.19330071457670894,0.33911794424057007,2,4,0.031754032258064516,1,lexical+dense,False,0.19330071457670894,0.33911794424057007,0.0,0.23333333333333328,0.0,0.0,0.0,0.0,0.26085504342017374,1.0,0.0,0.0,0.0,0.0,0.0,1.0,0.5,0.25,0.001098148646611228,duplicate_3badfab14c486ab4,0.0002846576700221363,False,False,False,assumed_no_match,auto_no_match,True
http://www.google.com/base/feeds/snippets/17261970023689791051,b00009k780,0.4295428590191893,0.6652852892875671,1,1,0.03278688524590164,1,lexical+dense,False,0.4295428590191893,0.6652852892875671,0.4,0.7692307692307692,0.0,0.0,1.0,0.0,0.12837612537512497,1.0,0.0,0.0,1.0,0.0,0.0,1.0,1.0,1.0,0.2891851372207901,duplicate_1f8635875a9f20b8,0.28508509667022863,True,True,True,top_gold_match,manual_review,
http://www.google.com/base/feeds/snippets/17265475148454123541,b000k757w4,0.44966914494619165,0.8109827637672424,1,1,0.03278688524590164,1,lexical+dense,False,0.44966914494619165,0.8109827637672424,0.6666666666666666,1.0,0.0,0.0,1.0,0.0,0.05635211737245741,1.0,0.0,0.0,0.0,0.0,0.0,1.0,1.0,1.0,0.8506198322399544,duplicate_fadc24f9dcec93ba,0.7354514207728314,True,True,True,top_gold_match,manual_review,
http://www.google.com/base/feeds/snippets/17287121683556987858,b000v05f4k,0.07203050208374055,0.4657551944255829,4,3,0.03149801587301587,3,lexical+dense,False,0.07203050208374055,0.4657551944255829,0.14285714285714285,0.5438596491228069,0.0,0.0,0.0,1.0,0.0,1.0,0.0,1.0,0.0,0.0,1.0,1.0,0.25,0.3333333333333333,0.0037109381623413305,duplicate_7779caf977395fdb,0.0031698641310538176,False,False,False,assumed_no_match,auto_no_match,True
http://www.google.com/base/feeds/snippets/17298617365180292947,b00009apn8,0.23374075366876643,0.8097347617149353,6,1,0.031544957774465976,2,lexical+dense,False,0.23374075366876643,0.8097347617149353,1.0,1.0,0.0,0.0,1.0,0.0,0.3364454818272758,1.0,0.0,0.0,0.0,0.0,0.0,1.0,0.16666666666666666,1.0,0.6264130346730411,duplicate_abde78c86189c5af,0.559751741765733,True,True,True,top_gold_match,manual_review,
http://www.google.com/base/feeds/snippets/17346668920138765245,b000ovnlxs,0.20327422113940427,0.664278507232666,17,8,0.027692895339954164,13,lexical+dense,False,0.20327422113940427,0.664278507232666,0.21428571428571427,0.8461538461538461,0.0,0.0,0.0,1.0,0.27273388489862727,1.0,0.0,0.0,0.0,0.0,0.0,1.0,0.058823529411764705,0.125,0.04448990220697313,duplicate_9589dc23c9f0dccb,0.02867672533234024,True,False,True,reranking_miss,manual_review,
http://www.google.com/base/feeds/snippets/17371520029495859295,b0009dt87e,0.18942610202915622,0.2063198983669281,1,,0.01639344262295082,5,lexical,False,0.18942610202915622,0.2063198983669281,0.1111111111111111,0.43037974683544306,0.0,0.0,0.0,0.0,0.2566283141570785,1.0,0.0,0.0,0.0,0.0,0.0,0.0,1.0,0.0,0.002750480171891808,duplicate_4657af166855f7ac,0.0004561386629289314,False,False,False,assumed_no_match,auto_no_match,True
http://www.google.com/base/feeds/snippets/17375915846745821199,b000fem8ew,0.8071152510683129,0.9509636759757996,1,1,0.03278688524590164,1,lexical+dense,False,0.8071152510683129,0.9509636759757996,0.7142857142857143,1.0,0.0,0.0,1.0,0.0,0.3433433433433434,1.0,0.0,0.0,0.0,0.0,0.0,1.0,1.0,1.0,0.8827294885583524,duplicate_f4890c8a3062ab0d,0.627466763240252,True,True,True,top_gold_match,manual_review,
http://www.google.com/base/feeds/snippets/17380348084202439505,b0009jgv50,0.08175489457629753,0.29954034090042114,,4,0.015625,8,dense,False,0.08175489457629753,0.29954034090042114,0.0,0.3896103896103896,0.0,0.0,0.0,0.0,0.07453726863431709,1.0,0.0,0.0,0.0,0.0,0.0,0.0,0.0,0.25,0.0037275988402129174,duplicate_e2d5bd9a7853418d,0.0007783635742427257,False,False,False,assumed_no_match,auto_no_match,True
http://www.google.com/base/feeds/snippets/17409309332075689843,b000ndib7s,0.14998725537623997,0.6029274463653564,,6,0.015151515151515152,14,dense,False,0.14998725537623997,0.6029274463653564,0.7142857142857143,0.9,0.0,0.0,1.0,0.0,0.396951422770387,1.0,0.0,0.0,0.0,0.0,0.0,0.0,0.0,0.16666666666666666,0.15283261091754938,duplicate_2f941cd8660aa6bb,0.12585010333258226,True,False,False,retrieval_miss,manual_review,
http://www.google.com/base/feeds/snippets/17417045114751131954,b000ie8u4g,0.08125148559841139,0.27409350872039795,,10,0.014285714285714285,18,dense,False,0.08125148559841139,0.27409350872039795,0.0,0.33027522935779813,0.0,0.0,0.0,0.0,0.25513784461152883,1.0,0.0,0.0,0.0,0.0,0.0,0.0,0.0,0.1,0.0011255708099557266,duplicate_d3a4331aeaf76aa8,0.00018513163587047037,False,False,False,assumed_no_match,auto_no_match,True
http://www.google.com/base/feeds/snippets/17443693463185774253,b000gaywoe,0.19837827345919404,0.5793652534484863,1,4,0.032018442622950824,2,lexical+dense,False,0.19837827345919404,0.5793652534484863,0.25,0.5970149253731344,0.0,0.0,0.0,0.0,0.6148375865772806,1.0,0.0,0.0,0.0,0.0,0.0,1.0,1.0,0.25,0.005222642107003839,duplicate_cdd9a5d861ddd169,3.926864840303121e-07,False,False,False,assumed_no_match,auto_no_match,True
http://www.google.com/base/feeds/snippets/17446943728378504702,b000v7rij8,0.101213270194709,0.28995805978775024,,5,0.015384615384615385,9,dense,False,0.101213270194709,0.28995805978775024,0.09090909090909091,0.8,0.0,0.0,0.0,0.0,0.26110183639399,1.0,0.0,0.0,1.0,0.0,0.0,0.0,0.0,0.2,0.016715446266857517,duplicate_39596a6c2df1b195,0.003908902723997937,False,False,False,assumed_no_match,auto_no_match,True
http://www.google.com/base/feeds/snippets/17451750447194112227,b000p4v8am,0.44446680294555374,0.6096133589744568,1,1,0.03278688524590164,1,lexical+dense,False,0.44446680294555374,0.6096133589744568,0.1,0.5789473684210527,0.0,0.0,0.0,0.0,0.15879828326180268,1.0,0.0,0.0,0.0,0.0,0.0,1.0,1.0,1.0,0.057885766364483,duplicate_d4962122b8b64aad,0.05499334378279075,False,False,False,assumed_no_match,manual_review,
http://www.google.com/base/feeds/snippets/17453784971294132116,b000v7rij8,0.2280069134036207,0.3130238652229309,2,17,0.029116045245077504,8,lexical+dense,False,0.2280069134036207,0.3130238652229309,0.1,0.8,0.0,0.0,0.0,0.0,0.41515329037297405,1.0,0.0,0.0,1.0,0.0,0.0,1.0,0.5,0.058823529411764705,0.01338141553946836,duplicate_1ab4b4df68ee2449,0.006493747501933991,False,False,False,assumed_no_match,auto_no_match,True
http://www.google.com/base/feeds/snippets/17453864721509833307,b000fabege,0.5406237906194209,0.7703770995140076,1,1,0.03278688524590164,1,lexical+dense,False,0.5406237906194209,0.7703770995140076,0.5,0.7659574468085105,0.0,0.0,1.0,0.0,0.3805575411007863,1.0,0.0,0.0,0.0,0.0,0.0,1.0,1.0,1.0,0.2398600150204541,duplicate_760d51696a31f971,0.2323497589033689,True,True,True,top_gold_match,manual_review,
http://www.google.com/base/feeds/snippets/17465677443704068778,b000jx5shs,0.02707810710134182,0.40790626406669617,,4,0.015625,9,dense,False,0.02707810710134182,0.40790626406669617,0.0,0.39344262295081966,0.0,0.0,0.0,0.0,0.0,1.0,0.0,0.0,1.0,0.0,1.0,0.0,0.0,0.25,0.0013858108561156186,duplicate_7f1a2535586d1124,0.0006402180286540218,False,False,False,assumed_no_match,auto_no_match,True
http://www.google.com/base/feeds/snippets/17477502346334387395,b000lozewy,0.7740756486320512,0.7922996282577515,1,1,0.03278688524590164,1,lexical+dense,False,0.7740756486320512,0.7922996282577515,0.6,1.0,0.0,0.0,0.0,0.0,0.26165884194053207,1.0,0.0,0.0,0.0,0.0,0.0,1.0,1.0,1.0,0.8227099667987009,duplicate_45cbbd3a947da662,0.8210879236452513,True,True,True,top_gold_match,manual_review,
http://www.google.com/base/feeds/snippets/17511510969143463932,b000ndicze,0.18145637685180485,0.472552090883255,9,,0.014492753623188406,18,lexical,False,0.18145637685180485,0.472552090883255,0.6,0.8695652173913043,0.0,0.0,1.0,0.0,0.443020134228188,1.0,0.0,0.0,0.0,0.0,0.0,0.0,0.1111111111111111,0.0,0.07005203063893026,duplicate_86b10d84407a1cf2,0.06317900703145261,True,True,True,top_gold_match,manual_review,
http://www.google.com/base/feeds/snippets/17535148732544092091,b000jx5shs,0.02584288884325212,0.3851121664047241,,3,0.015873015873015872,8,dense,False,0.02584288884325212,0.3851121664047241,0.0,0.39436619718309857,0.0,0.0,0.0,0.0,0.0,1.0,0.0,0.0,1.0,0.0,1.0,0.0,0.0,0.3333333333333333,0.00130120674896055,duplicate_78202261b1c5b6d1,0.0005340990144941704,False,False,False,assumed_no_match,auto_no_match,True
http://www.google.com/base/feeds/snippets/17535887564303021532,b000gaqlxe,0.07401741703609416,0.26679864525794983,,7,0.014925373134328358,14,dense,False,0.07401741703609416,0.26679864525794983,0.1111111111111111,0.45454545454545453,0.0,0.0,0.0,0.0,0.2566283141570785,1.0,0.0,0.0,0.0,0.0,0.0,0.0,0.0,0.14285714285714285,0.002614297306998048,duplicate_45397cc84a92ab28,0.0005792607630982988,False,False,False,assumed_no_match,auto_no_match,True
http://www.google.com/base/feeds/snippets/17544063525352738794,b000ndo7n0,0.7486092726009959,0.8481547236442566,1,1,0.03278688524590164,1,lexical+dense,False,0.7486092726009959,0.8481547236442566,0.6,0.9577464788732394,0.0,0.0,1.0,0.0,0.5045222178529296,1.0,0.0,0.0,0.0,0.0,0.0,1.0,1.0,1.0,0.5902197701882187,duplicate_b8f2e99c9f744150,0.5868255574890019,True,True,True,top_gold_match,manual_review,
http://www.google.com/base/feeds/snippets/17560410141173375502,b000ov404w,0.14414061000778483,0.5500879287719727,1,1,0.03278688524590164,1,lexical+dense,False,0.14414061000778483,0.5500879287719727,0.0,0.25,0.0,0.0,0.0,0.0,0.26266094420600866,1.0,0.0,0.0,0.0,0.0,0.0,1.0,1.0,1.0,0.0018473538681458505,duplicate_330e870544bf5f5c,0.00028104639506951103,False,False,False,assumed_no_match,auto_no_match,True
http://www.google.com/base/feeds/snippets/17565724904756341867,b000in35ho,0.008011555025926674,0.22490333020687103,,6,0.015151515151515152,11,dense,False,0.008011555025926674,0.22490333020687103,0.0,0.3278688524590164,0.0,0.0,0.0,0.0,0.2566283141570785,1.0,0.0,0.0,1.0,0.0,0.0,0.0,0.0,0.16666666666666666,0.0007364554628900627,duplicate_51781d325344e68e,7.438317044437923e-06,False,False,False,assumed_no_match,auto_no_match,True
http://www.google.com/base/feeds/snippets/17607948727328764018,b000ov0gao,0.34588216134615596,0.5682858228683472,1,1,0.03278688524590164,1,lexical+dense,False,0.34588216134615596,0.5682858228683472,0.0,0.34782608695652173,0.0,0.0,0.0,0.0,0.19342723004694834,1.0,0.0,0.0,0.0,0.0,0.0,1.0,1.0,1.0,0.008168645243980777,duplicate_9d5e52a3c6b52e90,0.0013727780345381664,False,False,False,assumed_no_match,auto_no_match,True
http://www.google.com/base/feeds/snippets/17609701155190930707,b000ffcdim,0.18490811397221985,0.47678643465042114,3,4,0.03149801587301587,1,lexical+dense,False,0.18490811397221985,0.47678643465042114,0.0,0.3380281690140845,0.0,0.0,0.0,0.0,0.06941388277655529,1.0,0.0,0.0,0.0,0.0,0.0,1.0,0.3333333333333333,0.25,0.006479849890299874,duplicate_eb39d54aa3f59ccc,0.0003598256653942738,False,False,False,assumed_no_match,auto_no_match,True
http://www.google.com/base/feeds/snippets/17634318125830822917,b000jx5rz6,0.4554386946760248,0.7246527075767517,2,1,0.03252247488101534,1,lexical+dense,False,0.4554386946760248,0.7246527075767517,0.75,0.7446808510638298,0.0,0.0,1.0,0.0,0.0,1.0,0.0,0.0,0.0,0.0,1.0,1.0,0.5,1.0,0.3032478517972647,duplicate_14e1c0e42ddf3946,0.15333039704043777,True,True,True,top_gold_match,manual_review,
http://www.google.com/base/feeds/snippets/17647670175814866187,b000exu99k,0.7717858892880461,0.8904660940170288,1,1,0.03278688524590164,1,lexical+dense,False,0.7717858892880461,0.8904660940170288,0.625,1.0,0.0,0.0,1.0,0.0,0.1530765382691345,1.0,0.0,0.0,0.0,0.0,0.0,1.0,1.0,1.0,0.9177632987807183,duplicate_93cb13071a3b8796,0.7513581288452612,True,True,True,top_gold_match,manual_review,
http://www.google.com/base/feeds/snippets/17651580132908652894,b000bckm46,0.3057829277790935,0.5641657710075378,2,2,0.03225806451612903,2,lexical+dense,False,0.3057829277790935,0.5641657710075378,0.3333333333333333,0.8,0.0,0.0,0.0,0.0,0.14778982485404502,1.0,0.0,0.0,0.0,0.0,0.0,1.0,0.5,0.5,0.16501936968849454,duplicate_a4c15fd624c43ae1,0.15775427104794523,True,True,True,top_gold_match,manual_review,
http://www.google.com/base/feeds/snippets/17661636837802252450,b0009qvgeo,0.6272867701611963,0.6354736685752869,2,1,0.03252247488101534,2,lexical+dense,False,0.6272867701611963,0.6354736685752869,0.5,1.0,1.0,1.0,0.0,0.0,0.20008003201280514,0.0,0.0,0.0,0.0,0.0,0.0,1.0,0.5,1.0,0.5465729056831933,duplicate_2c898f476ffd384a,0.4210878024521383,False,False,False,assumed_no_match,manual_review,
http://www.google.com/base/feeds/snippets/17688197440309069858,b000lu89yi,0.2766206801559156,0.6113460659980774,1,1,0.03278688524590164,1,lexical+dense,False,0.2766206801559156,0.6113460659980774,1.0,0.9795918367346939,0.0,0.0,0.0,0.0,0.0008001600320063842,1.0,0.0,0.0,1.0,0.0,0.0,1.0,1.0,1.0,0.7867031944116915,duplicate_c5b6f97efea59e9b,0.5437003849267904,False,False,False,assumed_no_match,manual_review,
http://www.google.com/base/feeds/snippets/17694493073700371269,b00006jo4g,0.36069773400877836,0.671166718006134,3,5,0.03125763125763126,3,lexical+dense,False,0.36069773400877836,0.671166718006134,0.5,1.0,0.0,0.9655172413793103,0.0,0.0,0.08001600320064013,0.0,0.0,0.0,0.0,0.0,0.0,1.0,0.3333333333333333,0.2,0.5976714173726377,duplicate_0e28182f7b397819,0.4193725431201756,True,True,True,top_gold_match,manual_review,
http://www.google.com/base/feeds/snippets/17708766593513600591,b000om7diq,0.3823992592620363,0.7648901343345642,2,1,0.03252247488101534,1,lexical+dense,False,0.3823992592620363,0.7648901343345642,0.36363636363636365,0.6222222222222222,0.0,0.0,0.0,1.0,0.07388423552944114,1.0,0.0,0.0,0.0,0.0,0.0,1.0,0.5,1.0,0.09679448309346562,duplicate_47517c97be47b072,0.08146722191023546,True,True,True,top_gold_match,manual_review,
http://www.google.com/base/feeds/snippets/17738952167997156787,b000qclgqo,0.1806192429193885,0.5215292572975159,17,3,0.02886002886002886,3,lexical+dense,False,0.1806192429193885,0.5215292572975159,0.25,1.0,0.0,0.0,0.0,0.0,0.272882650278192,1.0,0.0,0.0,0.0,0.0,0.0,1.0,0.058823529411764705,0.3333333333333333,0.14433142514699845,duplicate_930158542048bc42,0.039658164829431145,False,False,False,assumed_no_match,manual_review,
http://www.google.com/base/feeds/snippets/17740914064808188166,b000v7rij8,0.2287923088552399,0.23138082027435303,1,20,0.02889344262295082,3,lexical+dense,False,0.2287923088552399,0.23138082027435303,0.08333333333333333,0.8,0.0,0.0,0.0,0.0,0.26110183639399,1.0,0.0,0.0,1.0,0.0,0.0,1.0,1.0,0.05,0.020460630154364227,duplicate_1ab03e9b0d155a2b,0.015508408501389473,False,False,False,assumed_no_match,manual_review,
http://www.google.com/base/feeds/snippets/17756324079666668224,b000i8thy4,0.11227423462650438,0.3224243223667145,18,19,0.025478740668614087,5,lexical+dense,False,0.11227423462650438,0.3224243223667145,0.09090909090909091,0.410958904109589,0.0,0.0,0.0,0.0,0.3277254374158815,1.0,0.0,0.0,0.0,0.0,0.0,1.0,0.05555555555555555,0.05263157894736842,0.001895112153338292,duplicate_b0bf3d019abeeb1f,0.00010232329683276808,False,False,False,assumed_no_match,auto_no_match,True
http://www.google.com/base/feeds/snippets/17758768496498527800,b000nknb62,0.40946778244648746,0.7339472770690918,1,1,0.03278688524590164,1,lexical+dense,False,0.40946778244648746,0.7339472770690918,0.36363636363636365,0.5925925925925926,0.0,0.0,0.5,1.0,0.0008001600320063842,1.0,0.0,0.0,0.0,0.0,0.0,1.0,1.0,1.0,0.11598492115074648,duplicate_80c6e8add71003e9,0.09707240879858114,False,False,False,assumed_no_match,manual_review,
http://www.google.com/base/feeds/snippets/17764021940171924482,b000gihfyu,0.0991523393669273,0.3544004261493683,,11,0.014084507042253521,20,dense,False,0.0991523393669273,0.3544004261493683,0.0,0.3816793893129771,0.0,0.0,0.0,0.0,0.2566283141570785,1.0,0.0,0.0,0.0,0.0,0.0,0.0,0.0,0.09090909090909091,0.0019401438742733073,duplicate_fd6ce33ff8ef3c4e,4.6777734750535604e-05,False,False,False,assumed_no_match,auto_no_match,True
http://www.google.com/base/feeds/snippets/17784299186975876292,b0001wn0m2,0.20913890336925603,0.7212665677070618,8,1,0.031099324975891997,2,lexical+dense,False,0.20913890336925603,0.7212665677070618,0.8,1.0,0.0,0.0,1.0,0.0,0.07500187504687617,1.0,0.0,0.0,0.0,0.0,0.0,1.0,0.125,1.0,0.7225063154135722,duplicate_5c2caf903f2ca3e4,0.404524944421514,True,True,True,top_gold_match,manual_review,
http://www.google.com/base/feeds/snippets/17820910954802049244,b000bdiqpc,0.6384498604624727,0.4809610843658447,1,3,0.032266458495966696,2,lexical+dense,False,0.6384498604624727,0.4809610843658447,0.6,0.847457627118644,0.0,0.0,1.0,0.0,0.27146357317865905,1.0,0.0,0.0,1.0,0.0,0.0,1.0,1.0,0.3333333333333333,0.3522978390295646,duplicate_a76a1ea4cda19ef2,0.2581670644860378,False,False,False,assumed_no_match,manual_review,
http://www.google.com/base/feeds/snippets/17837146259776007202,b0009jgv6o,0.10909774901127083,0.1377914398908615,8,,0.014705882352941176,11,lexical,False,0.10909774901127083,0.1377914398908615,0.06666666666666667,0.4631578947368421,0.0,0.0,0.0,0.0,0.09670131043831906,1.0,0.0,0.0,0.0,0.0,0.0,0.0,0.125,0.0,0.003963983675694727,duplicate_6d72e84babd4e5d6,0.0019409843123245206,False,False,False,assumed_no_match,auto_no_match,True
http://www.google.com/base/feeds/snippets/17842807031936380364,b000hctyto,0.2640124382157135,0.5368807315826416,4,4,0.03125,4,lexical+dense,False,0.2640124382157135,0.5368807315826416,0.3,0.6292134831460674,0.0,0.0,0.0,0.0,0.07678399692248501,1.0,0.0,0.0,0.0,0.0,0.0,1.0,0.25,0.25,0.07700731949654738,duplicate_0e31c1289a30afce,0.03581476746423732,False,False,False,assumed_no_match,manual_review,
http://www.google.com/base/feeds/snippets/17871729840721789776,b000i84dsy,0.16606212996073974,0.6634895205497742,7,1,0.03131881575727918,1,lexical+dense,False,0.16606212996073974,0.6634895205497742,0.3333333333333333,0.7878787878787878,0.0,0.0,0.0,1.0,0.2413232104121475,1.0,0.0,1.0,0.0,0.0,0.0,1.0,0.14285714285714285,1.0,0.06222184747233996,duplicate_a91e5988d3cdbf81,0.007706426066166769,False,False,False,assumed_no_match,manual_review,
http://www.google.com/base/feeds/snippets/17878975434909198145,b0001ghg64,0.5884272132579613,0.8310562968254089,1,1,0.03278688524590164,1,lexical+dense,False,0.5884272132579613,0.8310562968254089,0.7777777777777778,1.0,0.0,0.0,0.0,0.0,0.15064383047880983,1.0,0.0,0.0,0.0,0.0,0.0,1.0,1.0,1.0,0.8751250222972939,duplicate_7f9d5fd7d79c6c97,0.8501825252315063,True,True,True,top_gold_match,manual_review,
http://www.google.com/base/feeds/snippets/17883807494570304453,b000jx5shs,0.025766935311731135,0.31967711448669434,,3,0.015873015873015872,5,dense,False,0.025766935311731135,0.31967711448669434,0.0,0.3516483516483517,0.0,0.0,0.0,0.0,0.0,1.0,0.0,0.0,1.0,0.0,1.0,0.0,0.0,0.3333333333333333,0.0008622159779689606,duplicate_9e8d1f1c2a836b7f,0.00021963280757199386,False,False,False,assumed_no_match,auto_no_match,True
http://www.google.com/base/feeds/snippets/17885230389415254957,b000ov404w,0.09166890794872054,0.4957475960254669,,1,0.01639344262295082,2,dense,False,0.09166890794872054,0.4957475960254669,0.0,0.31325301204819284,0.0,0.0,0.0,0.0,0.15879828326180268,1.0,0.0,0.0,0.0,0.0,0.0,0.0,0.0,1.0,0.0030288351722945043,duplicate_9d452f63e58899fe,5.4982110007886775e-05,False,False,False,assumed_no_match,auto_no_match,True
http://www.google.com/base/feeds/snippets/17912008393982022796,b000p4v8am,0.5377376299464273,0.6253378987312317,1,1,0.03278688524590164,1,lexical+dense,False,0.5377376299464273,0.6253378987312317,0.09090909090909091,0.5,0.0,0.0,0.0,0.0,0.4706723891273248,1.0,0.0,0.0,0.0,0.0,0.0,1.0,1.0,1.0,0.013328980660304685,duplicate_2b0c553bf8b5167c,0.010127331429805493,False,False,False,assumed_no_match,auto_no_match,True
http://www.google.com/base/feeds/snippets/17939239291631766146,b000ozjtoo,0.35044054783841155,0.6493930220603943,2,1,0.03252247488101534,1,lexical+dense,False,0.35044054783841155,0.6493930220603943,0.45454545454545453,0.891566265060241,0.0,0.0,0.5,1.0,0.10105052526263131,1.0,0.0,0.0,0.0,0.0,0.0,1.0,0.5,1.0,0.24605689214447077,duplicate_4d7586ab307a0275,0.18979820682381307,False,False,False,assumed_no_match,manual_review,
http://www.google.com/base/feeds/snippets/17939626833908573527,b000o39tgo,0.8982516555802237,0.9676047563552856,1,1,0.03278688524590164,1,lexical+dense,False,0.8982516555802237,0.9676047563552856,0.6,1.0,0.0,0.0,1.0,0.0,0.15253813453363343,1.0,0.0,0.0,0.0,0.0,0.0,1.0,1.0,1.0,0.9506996018871856,duplicate_6017f799e38ec733,0.3963775502372321,True,True,True,top_gold_match,manual_review,
http://www.google.com/base/feeds/snippets/17949221276659189899,b00005rd70,0.2695094331086545,0.6060563325881958,2,1,0.03252247488101534,1,lexical+dense,False,0.2695094331086545,0.6060563325881958,0.18181818181818182,0.5714285714285715,0.0,0.5714285714285714,0.0,0.0,0.17504376094023505,0.0,0.0,0.0,0.0,0.0,0.0,1.0,0.5,1.0,0.08428050215770667,duplicate_84e0ab000f9e2b72,0.010326422377034544,False,False,False,assumed_no_match,manual_review,
http://www.google.com/base/feeds/snippets/17967900865986277130,b000kbszns,0.8761202044671634,0.8660975694656372,1,1,0.03278688524590164,1,lexical+dense,False,0.8761202044671634,0.8660975694656372,0.7777777777777778,1.0,0.0,0.0,1.0,0.0,0.0,1.0,0.0,0.0,0.0,0.0,1.0,1.0,1.0,1.0,0.9041683578825647,duplicate_0cd72adecb1eb42d,0.25603099279864683,True,True,True,top_gold_match,manual_review,
http://www.google.com/base/feeds/snippets/17983103067016649420,b00006jo4g,0.36069773400877836,0.671166718006134,3,5,0.03125763125763126,3,lexical+dense,False,0.36069773400877836,0.671166718006134,0.5,1.0,0.0,0.9655172413793103,0.0,0.0,0.08001600320064013,0.0,0.0,0.0,0.0,0.0,0.0,1.0,0.3333333333333333,0.2,0.5976714173726377,duplicate_0e28182f7b397819,0.4193725431201756,True,True,True,top_gold_match,manual_review,
http://www.google.com/base/feeds/snippets/18003213870869015246,b000ml8d5q,0.8313960519925174,0.9618538618087769,1,1,0.03278688524590164,1,lexical+dense,False,0.8313960519925174,0.9618538618087769,0.375,0.8936170212765957,0.0,0.0,0.0,0.0,0.12206103051525752,1.0,0.0,0.0,0.0,0.0,0.0,1.0,1.0,1.0,0.8552086162370719,duplicate_01c71a87b3bae4d3,0.8420392720361021,True,True,True,top_gold_match,manual_review,
http://www.google.com/base/feeds/snippets/1800557467822389870,b000ozhfsq,0.322540114089841,0.5216122269630432,1,3,0.032266458495966696,1,lexical+dense,False,0.322540114089841,0.5216122269630432,0.7,0.95,0.0,0.0,0.5,1.0,0.10105052526263131,1.0,0.0,0.0,0.0,0.0,0.0,1.0,1.0,0.3333333333333333,0.32210714804481994,duplicate_1b88701e1277259f,0.3034325578221822,False,False,False,assumed_no_match,manual_review,
http://www.google.com/base/feeds/snippets/18053677474084218860,b000ogsgzq,0.24555000499686833,0.6788427233695984,13,4,0.0293236301369863,6,lexical+dense,False,0.24555000499686833,0.6788427233695984,0.4,1.0,0.0,0.0,1.0,0.0,6.257822277841618e-05,1.0,0.0,0.0,0.0,0.0,0.0,1.0,0.07692307692307693,0.25,0.6138813934620923,duplicate_c38203ea3b6c4de6,0.017845952903558393,True,True,True,top_gold_match,manual_review,
http://www.google.com/base/feeds/snippets/18068049541638624782,b000051sgq,0.19625682869663988,0.3338765501976013,2,4,0.031754032258064516,1,lexical+dense,False,0.19625682869663988,0.3338765501976013,0.0,0.23333333333333328,0.0,0.0,0.0,0.0,0.26085504342017374,1.0,0.0,0.0,0.0,0.0,0.0,1.0,0.5,0.25,0.0010919546478234232,duplicate_eb9cc70f602ef193,0.0003550319112188084,False,False,False,assumed_no_match,auto_no_match,True
http://www.google.com/base/feeds/snippets/18105761375553744131,b000099108,0.33733540814481905,0.7071903944015503,1,1,0.03278688524590164,1,lexical+dense,False,0.33733540814481905,0.7071903944015503,0.3,0.8695652173913043,0.0,0.0,1.0,0.0,0.3678929765886288,1.0,0.0,0.0,0.0,0.0,0.0,1.0,1.0,1.0,0.1491475784066625,duplicate_82ab2272b610b85b,0.13592730845720302,True,True,True,top_gold_match,manual_review,
http://www.google.com/base/feeds/snippets/18111145490199629534,b000szyqam,0.45354651680712577,0.7647144794464111,1,1,0.03278688524590164,1,lexical+dense,False,0.45354651680712577,0.7647144794464111,0.5555555555555556,0.6835443037974683,0.0,0.0,0.3333333333333333,1.0,0.27216,1.0,0.0,1.0,1.0,0.0,0.0,1.0,1.0,1.0,0.1438353142346525,duplicate_93c0a48f970a22bc,0.12017954144381596,True,True,True,top_gold_match,manual_review,
http://www.google.com/base/feeds/snippets/18113699401844993243,b000jx5ppi,0.46570697576343656,0.7901260256767273,1,1,0.03278688524590164,1,lexical+dense,False,0.46570697576343656,0.7901260256767273,0.25,1.0,0.0,0.0,0.0,0.0,0.21202404809619235,1.0,0.0,0.0,1.0,0.0,0.0,1.0,1.0,1.0,0.5066351490600619,duplicate_2864b850c66ef526,0.4840342112902055,True,True,True,top_gold_match,manual_review,
http://www.google.com/base/feeds/snippets/18114364420900714116,b000frttvy,0.3623299844086645,0.7418692111968994,1,1,0.03278688524590164,1,lexical+dense,False,0.3623299844086645,0.7418692111968994,0.375,0.5862068965517241,0.0,0.0,1.0,0.0,0.22132744512274313,1.0,0.0,0.0,0.0,0.0,0.0,1.0,1.0,1.0,0.09359463262167973,duplicate_8d0cb2b0477180b4,0.0564195020923737,False,False,False,assumed_no_match,manual_review,
http://www.google.com/base/feeds/snippets/18114452592641877631,b000ihxoa8,0.17042457612951667,0.42952990531921387,1,6,0.031544957774465976,2,lexical+dense,False,0.17042457612951667,0.42952990531921387,0.0,0.4444444444444444,0.0,0.0,0.0,0.0,0.44661165291322835,1.0,0.0,0.0,0.0,0.0,0.0,1.0,1.0,0.16666666666666666,0.0017778398585656023,duplicate_40fb4370e4763d30,0.0009834432128759544,False,False,False,assumed_no_match,auto_no_match,True
http://www.google.com/base/feeds/snippets/18169579040109794438,b00074dy8e,0.11478471908745548,0.35619932413101196,,9,0.014492753623188406,15,dense,False,0.11478471908745548,0.35619932413101196,0.0,0.37254901960784315,0.0,0.0,0.0,0.0,0.0,1.0,0.0,0.0,1.0,0.0,1.0,0.0,0.0,0.1111111111111111,0.0013958275693952034,duplicate_96a04f5bf650b6e0,0.00015195882253288512,False,False,False,assumed_no_match,auto_no_match,True
http://www.google.com/base/feeds/snippets/18195626752396679157,b000o27t8a,0.34092436862043174,0.7045332789421082,3,16,0.029030910609857977,6,lexical+dense,False,0.34092436862043174,0.7045332789421082,0.8888888888888888,0.8958333333333333,0.0,0.0,0.5,1.0,0.04846410684474119,1.0,0.0,0.0,0.0,0.0,0.0,1.0,0.3333333333333333,0.0625,0.5393741074559025,duplicate_c66664ec599fbc0b,0.2836622127325183,False,False,False,assumed_no_match,manual_review,
http://www.google.com/base/feeds/snippets/18213081663134894535,b000kipk02,0.22765257734693306,0.6122302412986755,4,5,0.031009615384615385,2,lexical+dense,False,0.22765257734693306,0.6122302412986755,0.2,0.5945945945945946,0.0,0.0,0.0,1.0,0.08182389937106913,1.0,0.0,0.0,0.0,0.0,0.0,1.0,0.25,0.2,0.025288069406371638,duplicate_2c770f1d44f70cd9,0.012107070318174405,True,False,True,reranking_miss,manual_review,
http://www.google.com/base/feeds/snippets/18218026817519050250,b000v7v2uo,0.9198630117388682,0.8640450239181519,1,1,0.03278688524590164,1,lexical+dense,False,0.9198630117388682,0.8640450239181519,0.2857142857142857,1.0,0.0,0.0,1.0,0.0,0.07001750437609412,1.0,0.0,1.0,1.0,0.0,0.0,1.0,1.0,1.0,0.929873522886504,duplicate_19d0784e73aa5352,0.9187939785541666,True,True,True,top_gold_match,manual_review,
http://www.google.com/base/feeds/snippets/18227581310527396800,b0009tqb3w,0.08700542488069343,0.447348028421402,,5,0.015384615384615385,11,dense,False,0.08700542488069343,0.447348028421402,0.125,0.5263157894736842,0.0,0.0,0.0,0.0,0.0,1.0,0.0,0.0,0.0,0.0,1.0,0.0,0.0,0.2,0.005206318488633995,duplicate_d5b9a331ad193820,0.0034579451257952627,False,False,False,assumed_no_match,auto_no_match,True
http://www.google.com/base/feeds/snippets/18251424810598585817,b000in6tnq,0.6259013563317444,0.870975136756897,1,1,0.03278688524590164,1,lexical+dense,False,0.6259013563317444,0.870975136756897,0.5714285714285714,1.0,0.0,0.0,0.0,0.0,0.1122640330041254,1.0,0.0,0.0,0.0,0.0,0.0,1.0,1.0,1.0,0.8722698621243751,duplicate_9a9c9c7b8ecd0e48,0.014822759060380442,True,True,True,top_gold_match,manual_review,
http://www.google.com/base/feeds/snippets/18256239751097601275,b00008pbus,0.3507373847791386,0.7016744613647461,1,2,0.03252247488101534,1,lexical+dense,False,0.3507373847791386,0.7016744613647461,0.22727272727272727,0.6052631578947368,0.0,0.0,0.0,1.0,0.0,1.0,0.0,0.0,0.0,0.0,1.0,1.0,1.0,0.5,0.01853731109039576,duplicate_f19048b454d1d595,0.003899930847907367,False,False,False,assumed_no_match,auto_no_match,True
http://www.google.com/base/feeds/snippets/18259447335875519213,b0009yegpc,0.4632636986717199,0.5509169101715088,1,2,0.03252247488101534,1,lexical+dense,False,0.4632636986717199,0.5509169101715088,0.5,0.8358208955223881,0.0,0.0,0.0,0.0,0.11911911911911907,1.0,0.0,0.0,0.0,0.0,0.0,1.0,1.0,0.5,0.3726492477854595,duplicate_76af05da6c63377b,0.3666684942040481,True,True,True,top_gold_match,manual_review,
http://www.google.com/base/feeds/snippets/18337484899505146941,b000hhzie4,0.035202109647584724,0.29788938164711,,10,0.014285714285714285,18,dense,False,0.035202109647584724,0.29788938164711,0.0,0.3783783783783784,0.0,0.0,0.0,0.0,0.0,1.0,0.0,0.0,0.0,0.0,0.0,0.0,0.0,0.1,0.004250160574734498,duplicate_e159def91caacf06,0.0018711141092428427,False,False,False,assumed_no_match,auto_no_match,True
http://www.google.com/base/feeds/snippets/18347005743602331538,b0007wv3ei,0.24189143493835313,0.5645833015441895,4,4,0.03125,3,lexical+dense,False,0.24189143493835313,0.5645833015441895,0.6,0.9117647058823529,0.0,0.0,0.0,0.0,0.28572244921283463,1.0,0.0,0.0,0.0,0.0,0.0,1.0,0.25,0.25,0.216576736985127,duplicate_f1485b032887845e,0.19218364607710736,True,True,True,top_gold_match,manual_review,
http://www.google.com/base/feeds/snippets/18352624418511446908,b000uez42k,0.07700609846276531,0.25784042477607727,3,,0.015873015873015872,8,lexical,False,0.07700609846276531,0.25784042477607727,0.0,0.3564356435643565,0.0,0.0,0.0,1.0,0.14285714285714285,1.0,0.0,1.0,0.0,0.0,0.0,0.0,0.3333333333333333,0.0,0.0012950103923410586,duplicate_21c50a17e4d38700,0.0005140120220818255,False,False,False,assumed_no_match,auto_no_match,True
http://www.google.com/base/feeds/snippets/18353861358889866986,b000jx5shs,0.02500012352984348,0.3092796206474304,,7,0.014925373134328358,13,dense,False,0.02500012352984348,0.3092796206474304,0.0,0.2926829268292683,0.0,0.0,0.0,0.0,0.0,1.0,0.0,0.0,1.0,0.0,1.0,0.0,0.0,0.14285714285714285,0.0006105946716841448,duplicate_d9d26adc4edb56d2,0.00019454538780859742,False,False,False,assumed_no_match,auto_no_match,True
http://www.google.com/base/feeds/snippets/18354430457145981051,b0008ews9o,0.38884882979187985,0.7576011419296265,7,2,0.031054405392392875,3,lexical+dense,False,0.38884882979187985,0.7576011419296265,0.5555555555555556,1.0,0.0,0.0,0.3333333333333333,1.0,0.3931310436812271,1.0,0.0,0.0,0.0,0.0,0.0,1.0,0.14285714285714285,0.5,0.2245774964389021,duplicate_b200a285589262ad,0.09663347169986944,True,True,True,top_gold_match,manual_review,
http://www.google.com/base/feeds/snippets/18354453970523580051,b000evo8h6,0.18635292239777165,0.17096777260303497,2,,0.016129032258064516,8,lexical,False,0.18635292239777165,0.17096777260303497,0.08695652173913043,0.33333333333333326,0.0,0.0,0.0,0.0,0.17872705193228094,1.0,0.0,0.0,0.0,0.0,0.0,0.0,0.5,0.0,0.0019848560514560175,duplicate_ed4c335bf90be7b4,1.2559595111344846e-05,False,False,False,assumed_no_match,auto_no_match,True
http://www.google.com/base/feeds/snippets/18354576765765381547,b000fiwtco,0.4982610306665013,0.7884114980697632,1,1,0.03278688524590164,1,lexical+dense,False,0.4982610306665013,0.7884114980697632,0.3333333333333333,0.746987951807229,0.0,0.0,0.0,1.0,0.0,1.0,0.0,0.0,1.0,1.0,1.0,1.0,1.0,1.0,0.015161463322458909,duplicate_3ca9183a45a705eb,0.00620190832562564,False,False,False,assumed_no_match,auto_no_match,True
http://www.google.com/base/feeds/snippets/18355055433004468021,b000fhgu6q,0.726933997241551,0.821826696395874,1,1,0.03278688524590164,1,lexical+dense,False,0.726933997241551,0.821826696395874,0.06666666666666667,0.3703703703703704,0.0,0.2857142857142857,0.0,1.0,0.0,0.0,0.0,0.0,1.0,0.0,1.0,1.0,1.0,1.0,0.0761376643882943,duplicate_a9eb479e3c2291b8,0.06484057201381917,False,False,False,assumed_no_match,manual_review,
http://www.google.com/base/feeds/snippets/18355217504558952548,b000ov404w,0.07699481917523543,0.35619816184043884,,4,0.015625,9,dense,False,0.07699481917523543,0.35619816184043884,0.0,0.30379746835443044,0.0,0.0,0.0,0.0,0.0,1.0,0.0,0.0,0.0,0.0,0.0,0.0,0.0,0.25,0.003818114018969226,duplicate_b6c94ce2f7e2d1a9,0.0003938451928984753,False,False,False,assumed_no_match,auto_no_match,True
http://www.google.com/base/feeds/snippets/18356646681819470557,b000fer1cq,0.140658601169714,0.2597394287586212,11,,0.014084507042253521,14,lexical,False,0.140658601169714,0.2597394287586212,0.08333333333333333,0.5185185185185186,0.0,0.0,0.0,0.0,0.0,1.0,0.0,0.0,0.0,0.0,1.0,0.0,0.09090909090909091,0.0,0.0031861886327684986,duplicate_bd233f30b5df2529,0.0005593300353898827,False,False,False,assumed_no_match,auto_no_match,True
http://www.google.com/base/feeds/snippets/18359173228817263564,b000h5j4ka,0.05925043172228247,0.4019254148006439,12,,0.013888888888888888,20,lexical,False,0.05925043172228247,0.4019254148006439,0.0625,0.4,0.0,0.0,0.0,0.0,0.44246828228764,1.0,0.0,0.0,0.0,0.0,0.0,0.0,0.08333333333333333,0.0,0.0010751339180712371,duplicate_f5c66cbbe956d2c1,5.713141350362867e-05,False,False,False,assumed_no_match,auto_no_match,True
http://www.google.com/base/feeds/snippets/18360086039278652634,b000uez42k,0.07952766590458783,0.26235732436180115,3,,0.015873015873015872,9,lexical,False,0.07952766590458783,0.26235732436180115,0.0,0.35294117647058826,0.0,0.0,0.0,1.0,0.17857142857142858,1.0,0.0,1.0,0.0,0.0,0.0,0.0,0.3333333333333333,0.0,0.001100626555723742,duplicate_81675cf983941ba0,0.00021762018344388212,False,False,False,assumed_no_match,auto_no_match,True
http://www.google.com/base/feeds/snippets/18360660165216793779,b000b5rweg,0.3722045582206422,0.5495408773422241,2,1,0.03252247488101534,1,lexical+dense,False,0.3722045582206422,0.5495408773422241,0.7142857142857143,0.942857142857143,0.0,0.0,1.0,0.0,0.447684355329526,1.0,0.0,1.0,0.0,0.0,0.0,1.0,0.5,1.0,0.30068937990563877,duplicate_5972339ceff728f9,0.16580785511503973,True,True,True,top_gold_match,manual_review,
http://www.google.com/base/feeds/snippets/18360848918004373034,b000m7uqjg,0.14806156301733217,0.48049792647361755,15,9,0.02782608695652174,1,lexical+dense,False,0.14806156301733217,0.48049792647361755,0.06666666666666667,0.41509433962264153,0.0,0.0,0.0,0.0,0.0,1.0,0.0,1.0,1.0,1.0,0.0,1.0,0.06666666666666667,0.1111111111111111,0.0035668233103312657,duplicate_ef0e7c0c8925129a,0.0003116269907565382,False,False,False,assumed_no_match,auto_no_match,True
http://www.google.com/base/feeds/snippets/18360932996674387259,b000jiqlxi,0.11133248712809825,0.5702133178710938,2,2,0.03225806451612903,2,lexical+dense,False,0.11133248712809825,0.5702133178710938,0.08333333333333333,0.4,0.0,0.0,0.0,1.0,0.19866444073455758,1.0,0.0,1.0,0.0,0.0,0.0,1.0,0.5,0.5,0.004025226368169329,duplicate_45ac7ef079c02a6b,0.0008394451908126425,False,False,False,assumed_no_match,auto_no_match,True
http://www.google.com/base/feeds/snippets/18362654520356707985,b000i8od3y,0.5347173916675564,0.7493886947631836,4,3,0.03149801587301587,4,lexical+dense,False,0.5347173916675564,0.7493886947631836,0.25,0.6666666666666665,0.0,0.0,0.0,1.0,0.0,1.0,0.0,0.0,0.0,1.0,0.0,1.0,0.25,0.3333333333333333,0.036150720453097335,duplicate_0d42ff13f76675bf,0.016218338376754616,False,False,False,assumed_no_match,manual_review,
http://www.google.com/base/feeds/snippets/18364560572944021587,b000i2y0cy,0.2962730694702679,0.49105727672576904,2,12,0.030017921146953404,5,lexical+dense,False,0.2962730694702679,0.49105727672576904,0.07142857142857142,0.6,0.0,0.0,0.0,1.0,0.0,1.0,0.0,0.0,0.0,1.0,0.0,1.0,0.5,0.08333333333333333,0.004305117427381592,duplicate_ecca9fa1e710198a,0.0015318409483624567,False,False,False,assumed_no_match,auto_no_match,True
http://www.google.com/base/feeds/snippets/18367889369421729693,b000lv6pyi,0.9417428009883417,0.904511034488678,1,1,0.03278688524590164,1,lexical+dense,False,0.9417428009883417,0.904511034488678,0.7,0.9411764705882354,0.0,0.0,1.0,0.0,0.0,1.0,0.0,0.0,1.0,0.0,1.0,1.0,1.0,1.0,0.8792703242446521,duplicate_e37a8211636074ed,0.876966467013543,True,True,True,top_gold_match,manual_review,
http://www.google.com/base/feeds/snippets/18367995746979833726,b000ehpzyu,0.06329980623694166,0.2624484896659851,5,,0.015384615384615385,9,lexical,False,0.06329980623694166,0.2624484896659851,0.05,0.34188034188034194,0.0,0.0,0.0,1.0,0.0,1.0,0.0,1.0,0.0,0.0,1.0,0.0,0.2,0.0,0.0005735288595171757,duplicate_a2772b0b431755a0,3.0419786713504733e-05,False,False,False,assumed_no_match,auto_no_match,True
http://www.google.com/base/feeds/snippets/18368735287693525011,b000evo8h6,0.29232260658403025,0.6318312883377075,1,1,0.03278688524590164,1,lexical+dense,False,0.29232260658403025,0.6318312883377075,0.5714285714285714,1.0,0.0,0.0,0.0,0.0,0.2143010215015359,1.0,0.0,0.0,0.0,0.0,0.0,1.0,1.0,1.0,0.44772736488102066,duplicate_efcf2f2f6bbdc974,0.44368945027543555,True,True,True,top_gold_match,manual_review,
http://www.google.com/base/feeds/snippets/18371416588940021581,b0002c3vqq,0.5296605417628379,0.6410146951675415,1,1,0.03278688524590164,1,lexical+dense,False,0.5296605417628379,0.6410146951675415,0.6,0.7777777777777777,0.0,0.09999999999999998,0.5,1.0,0.0,0.0,0.0,0.0,0.0,0.0,0.0,1.0,1.0,1.0,0.8371245654115409,duplicate_75fd92d557aab641,0.8149643891649098,True,True,True,top_gold_match,manual_review,
http://www.google.com/base/feeds/snippets/18371419521576660155,b000q6zk3a,0.25797037798249267,0.4681967794895172,1,4,0.032018442622950824,1,lexical+dense,False,0.25797037798249267,0.4681967794895172,0.6666666666666666,0.9555555555555556,0.0,0.0,1.0,0.0,0.12712712712712715,1.0,0.0,0.0,0.0,0.0,0.0,1.0,1.0,0.25,0.412882291669934,duplicate_b428b602a58ea308,0.4005567782028402,True,True,True,top_gold_match,manual_review,
http://www.google.com/base/feeds/snippets/18372639174800530170,b000v05f4k,0.09269730427182793,0.6037537455558777,3,3,0.031746031746031744,3,lexical+dense,False,0.09269730427182793,0.6037537455558777,0.11764705882352941,0.5039370078740157,0.0,0.0,0.0,1.0,0.0,1.0,0.0,1.0,0.0,0.0,1.0,1.0,0.3333333333333333,0.3333333333333333,0.004492452775634963,duplicate_474a690bde4a098a,0.0017107683984588346,False,False,False,assumed_no_match,auto_no_match,True
http://www.google.com/base/feeds/snippets/18373045261595979693,b00009v7hf,0.49060662464606997,0.7845081090927124,1,1,0.03278688524590164,1,lexical+dense,False,0.49060662464606997,0.7845081090927124,0.21428571428571427,0.6122448979591837,0.0,0.0,0.3333333333333333,1.0,0.0,1.0,0.0,0.0,0.0,0.0,1.0,1.0,1.0,1.0,0.036240974036108674,duplicate_77dd200ef5f11cd2,0.028908111443173547,True,True,True,top_gold_match,manual_review,
http://www.google.com/base/feeds/snippets/18376040240975627932,b000kgg6ru,0.42856534770304094,0.7426159977912903,1,1,0.03278688524590164,1,lexical+dense,False,0.42856534770304094,0.7426159977912903,0.1111111111111111,0.5217391304347826,1.0,1.0,0.0,1.0,0.18021134593993324,0.0,0.0,0.0,0.0,0.0,0.0,1.0,1.0,1.0,0.014448132051165892,duplicate_2ce433355ed99c44,0.00894377462198746,False,False,False,assumed_no_match,auto_no_match,True
http://www.google.com/base/feeds/snippets/18376303388125635572,b000gwkol2,0.578815554294227,0.5552701354026794,1,1,0.03278688524590164,1,lexical+dense,False,0.578815554294227,0.5552701354026794,0.17391304347826086,0.5151515151515151,0.0,0.0,0.0,1.0,0.0,1.0,0.0,0.0,1.0,0.0,1.0,1.0,1.0,1.0,0.012778874454640418,duplicate_1cbc25991e65ec73,0.006963586202196469,True,True,True,top_gold_match,auto_no_match,False
http://www.google.com/base/feeds/snippets/18376553625802629051,b000i84dsy,0.2709097585401342,0.6700983047485352,13,3,0.029571646010002173,6,lexical+dense,False,0.2709097585401342,0.6700983047485352,0.3076923076923077,0.75,0.0,0.0,0.25,1.0,0.07119370979270913,1.0,0.0,0.0,0.0,0.0,0.0,1.0,0.07692307692307693,0.3333333333333333,0.09604888550675945,duplicate_31e948b8d1f1c072,0.05240798646574783,False,False,False,assumed_no_match,manual_review,
http://www.google.com/base/feeds/snippets/18377490087458020504,b000cditbc,0.8642098573483382,0.8908601403236389,1,1,0.03278688524590164,1,lexical+dense,False,0.8642098573483382,0.8908601403236389,0.5714285714285714,1.0,0.0,0.0,0.5,1.0,0.008731891248263499,1.0,0.0,0.0,0.0,0.0,0.0,1.0,1.0,1.0,0.9113345176785389,duplicate_4ce80b8ce8ec7283,0.9085821670357297,True,True,True,top_gold_match,manual_review,
http://www.google.com/base/feeds/snippets/18378422702839985200,b0006b6b1a,0.4582685998510699,0.7257044315338135,1,1,0.03278688524590164,1,lexical+dense,False,0.4582685998510699,0.7257044315338135,0.6,0.9253731343283582,1.0,1.0,0.5,1.0,0.05000500050005001,0.0,0.0,0.0,0.0,0.0,0.0,1.0,1.0,1.0,0.39998652314721256,duplicate_fd804531466619b2,0.3477956774889472,True,True,True,top_gold_match,manual_review,
http://www.google.com/base/feeds/snippets/18378828648443146534,b000lv6pyi,0.0,0.3652493357658386,,7,0.014925373134328358,14,dense,False,0.0,0.3652493357658386,0.0,0.2857142857142857,0.0,0.0,0.0,1.0,0.0,0.0,0.0,0.0,1.0,0.0,1.0,0.0,0.0,0.14285714285714285,0.002963117222191966,duplicate_58d4ed52284e5a25,0.00027499220460354976,False,False,False,assumed_no_match,auto_no_match,True
http://www.google.com/base/feeds/snippets/18379602755577753525,b000dz964i,0.4137149967808438,0.7964707016944885,1,1,0.03278688524590164,1,lexical+dense,False,0.4137149967808438,0.7964707016944885,1.0,1.0,0.0,0.0,1.0,0.0,0.4890615416070333,1.0,0.0,0.0,0.0,0.0,0.0,1.0,1.0,1.0,0.5825800923960535,duplicate_fd75b68e33ce3dab,0.5284433357034233,True,True,True,top_gold_match,manual_review,
http://www.google.com/base/feeds/snippets/18381050378194058330,b000ehpzyu,0.5583012620765997,0.5887229442596436,1,2,0.03252247488101534,2,lexical+dense,False,0.5583012620765997,0.5887229442596436,0.35714285714285715,0.6493506493506493,0.0,0.0,1.0,0.0,0.0,1.0,0.0,0.0,0.0,0.0,1.0,1.0,1.0,0.5,0.0972528372668653,duplicate_6cbbf620014a06c4,0.018647383739224727,True,False,True,reranking_miss,manual_review,
http://www.google.com/base/feeds/snippets/18383108968754488314,b0007iqg2q,0.8530678217241756,0.8553582429885864,1,1,0.03278688524590164,1,lexical+dense,False,0.8530678217241756,0.8553582429885864,0.23076923076923078,0.7796610169491526,0.0,0.56,0.0,0.0,0.4845201238390093,0.0,0.0,0.0,0.0,0.0,0.0,1.0,1.0,1.0,0.4775722230555213,duplicate_6fb0314608460f88,0.4460316190810651,True,True,True,top_gold_match,manual_review,
http://www.google.com/base/feeds/snippets/18383405503824080160,b000ndid4y,0.17553094168048133,0.6135880947113037,14,15,0.02684684684684685,8,lexical+dense,False,0.17553094168048133,0.6135880947113037,0.8,1.0,0.0,0.0,1.0,0.0,0.15941539241361835,1.0,0.0,0.0,0.0,0.0,0.0,1.0,0.07142857142857142,0.06666666666666667,0.543907214050725,duplicate_589ad807fdfd7098,0.19795229752668003,True,True,True,top_gold_match,manual_review,
http://www.google.com/base/feeds/snippets/18384385996318614203,b000100eg4,0.362261835345203,0.7807249426841736,1,1,0.03278688524590164,1,lexical+dense,False,0.362261835345203,0.7807249426841736,0.5555555555555556,1.0,0.0,0.0,1.0,0.0,0.0,1.0,0.0,0.0,0.0,1.0,0.0,1.0,1.0,1.0,0.40473480226013403,duplicate_54a0a1c06be1222b,0.3999910441910237,False,False,False,assumed_no_match,manual_review,
http://www.google.com/base/feeds/snippets/18384650377109692103,b000v7rij8,0.1882809550660676,0.39102181792259216,4,3,0.03149801587301587,1,lexical+dense,False,0.1882809550660676,0.39102181792259216,0.07142857142857142,0.8,0.0,0.0,0.0,0.0,0.26110183639399,1.0,0.0,0.0,1.0,0.0,0.0,1.0,0.25,0.3333333333333333,0.027361683990715587,duplicate_5ac5fcf1efb0f055,0.023023450428167846,False,False,False,assumed_no_match,manual_review,
http://www.google.com/base/feeds/snippets/18384763395194265858,b000bc38o2,0.025981527241392514,0.38733214139938354,,6,0.015151515151515152,12,dense,False,0.025981527241392514,0.38733214139938354,0.08333333333333333,0.4615384615384615,0.0,0.0,0.0,0.0,0.0013337779259752968,1.0,0.0,0.0,0.0,0.0,0.0,0.0,0.0,0.16666666666666666,0.009728934651277462,duplicate_aa1455042555d4b4,0.0006078880983667913,False,False,False,assumed_no_match,auto_no_match,True
http://www.google.com/base/feeds/snippets/18386073325514862606,b0002bqrq8,0.3664406571770187,0.6083970069885254,2,6,0.03128054740957967,2,lexical+dense,False,0.3664406571770187,0.6083970069885254,0.8,1.0,0.0,0.0,1.0,0.0,0.6010016694490818,1.0,0.0,0.0,0.0,0.0,0.0,1.0,0.5,0.16666666666666666,0.2228446347220172,duplicate_22104d2cfa4d57ad,0.04175211284430133,True,True,True,top_gold_match,manual_review,
http://www.google.com/base/feeds/snippets/18387240525609755663,b000bd1ad2,0.22247625629776283,0.38460853695869446,10,,0.014285714285714285,17,lexical,False,0.22247625629776283,0.38460853695869446,0.0,0.2857142857142857,0.0,0.0,0.0,1.0,0.0,1.0,0.0,0.0,0.0,0.0,0.0,0.0,0.1,0.0,0.00248400982075766,duplicate_6360a89cfe9e8126,0.00042925988504953234,False,False,False,assumed_no_match,auto_no_match,True
http://www.google.com/base/feeds/snippets/18387281427311179638,b0001o04tw,0.47346922708238376,0.6193463206291199,2,1,0.03252247488101534,1,lexical+dense,False,0.47346922708238376,0.6193463206291199,0.7,0.98,0.0,0.0,0.3333333333333333,1.0,0.45138171272375743,1.0,0.0,0.0,0.0,0.0,0.0,1.0,0.5,1.0,0.1911567444548519,duplicate_41a121e7ab69c750,0.18301338650819324,False,False,False,assumed_no_match,manual_review,
http://www.google.com/base/feeds/snippets/18387306349260922373,b000hbxjt6,0.0973031232968736,0.33913305401802063,3,8,0.03057889822595705,3,lexical+dense,False,0.0973031232968736,0.33913305401802063,0.0,0.46551724137931033,0.0,0.0,0.0,1.0,0.1599199899987498,1.0,0.0,0.0,0.0,0.0,0.0,1.0,0.3333333333333333,0.125,0.001901108075440212,duplicate_1783c349a9d43dad,0.001348085488808464,True,True,True,top_gold_match,auto_no_match,False
http://www.google.com/base/feeds/snippets/18388881243571138633,b000nqq29y,0.38316271009848735,0.6168037056922913,2,1,0.03252247488101534,1,lexical+dense,False,0.38316271009848735,0.6168037056922913,0.3,0.5833333333333334,0.0,0.0,0.3333333333333333,1.0,0.0,1.0,0.0,0.0,0.0,1.0,0.0,1.0,0.5,1.0,0.011816729086404585,duplicate_2d77b35532a5b10c,0.009894777444970705,False,False,False,assumed_no_match,auto_no_match,True
http://www.google.com/base/feeds/snippets/18389544592897632001,b000ehpzyu,0.08982718261884325,0.31736665964126587,2,10,0.0304147465437788,1,lexical+dense,False,0.08982718261884325,0.31736665964126587,0.05,0.38016528925619836,0.0,0.0,0.0,1.0,0.0,1.0,0.0,1.0,0.0,0.0,1.0,1.0,0.5,0.1,0.0008889226070152744,duplicate_a28b87499dd0cd84,1.175000353472312e-05,False,False,False,assumed_no_match,auto_no_match,True
http://www.google.com/base/feeds/snippets/18394759851238350483,b0000cc778,0.28761310701207515,0.5497599840164185,4,3,0.03149801587301587,3,lexical+dense,False,0.28761310701207515,0.5497599840164185,0.13333333333333333,0.4672897196261683,0.0,0.0,0.0,1.0,0.0,1.0,0.0,1.0,0.0,1.0,0.0,1.0,0.25,0.3333333333333333,0.0041955720071323735,duplicate_3bfde292f7269e04,0.002191963999137706,False,False,False,assumed_no_match,auto_no_match,True
http://www.google.com/base/feeds/snippets/18394964067436310447,b000hcz9ac,0.3134585358324051,0.7318920493125916,1,1,0.03278688524590164,1,lexical+dense,False,0.3134585358324051,0.7318920493125916,0.75,0.9438202247191012,0.0,0.0,0.0,0.0,0.00040004000400032047,1.0,0.0,0.0,0.0,0.0,0.0,1.0,1.0,1.0,0.7609114090903831,duplicate_89f4e27ce0e123e6,0.7194961257867041,True,True,True,top_gold_match,manual_review,
http://www.google.com/base/feeds/snippets/18399564098198436628,b000bb7fjw,0.4580696689870233,0.5375580787658691,1,1,0.03278688524590164,1,lexical+dense,False,0.4580696689870233,0.5375580787658691,0.0,0.2542372881355932,0.0,0.0,0.0,0.0,0.3499374217772216,1.0,0.0,0.0,1.0,0.0,0.0,1.0,1.0,1.0,0.003037130442280506,duplicate_d53e01e75367b625,0.0006135861399568015,False,False,False,assumed_no_match,auto_no_match,True
http://www.google.com/base/feeds/snippets/18399649966535337055,b000az16r6,0.0010040095604971482,0.327425479888916,,7,0.014925373134328358,13,dense,False,0.0010040095604971482,0.327425479888916,0.0,0.25925925925925924,0.0,0.0,0.0,0.0,0.0,1.0,0.0,1.0,0.0,0.0,1.0,0.0,0.0,0.14285714285714285,0.0007810156969736619,duplicate_95dd858d23012667,2.580110067537623e-05,False,False,False,assumed_no_match,auto_no_match,True
http://www.google.com/base/feeds/snippets/18399719239824156071,b000h5ex7e,0.5836242602512981,0.6832103729248047,1,2,0.03252247488101534,2,lexical+dense,False,0.5836242602512981,0.6832103729248047,0.25,0.9189189189189189,0.0,0.0,0.0,0.0,0.21596638655462194,1.0,0.0,0.0,0.0,0.0,0.0,1.0,1.0,0.5,0.4270436543395631,duplicate_21129217f18023ef,0.24051524262805588,True,False,True,reranking_miss,manual_review,
http://www.google.com/base/feeds/snippets/18400264612493053038,b000jjrwas,0.788720458040379,0.8962433934211731,1,1,0.03278688524590164,1,lexical+dense,False,0.788720458040379,0.8962433934211731,0.5,1.0,0.0,0.0,1.0,0.0,0.40727180911501065,1.0,0.0,0.0,0.0,0.0,0.0,1.0,1.0,1.0,0.7464615221165394,duplicate_e9e79653f0ac7b33,0.7305334628957196,True,True,True,top_gold_match,manual_review,
http://www.google.com/base/feeds/snippets/18401621573615453955,b000jiqlxi,0.14090924467375804,0.5532233119010925,2,2,0.03225806451612903,2,lexical+dense,False,0.14090924467375804,0.5532233119010925,0.09090909090909091,0.4,0.0,0.0,0.0,1.0,0.13188647746243737,1.0,0.0,1.0,0.0,0.0,0.0,1.0,0.5,0.5,0.005797156824504404,duplicate_9091352f29992e58,0.001478877810610131,False,False,False,assumed_no_match,auto_no_match,True
http://www.google.com/base/feeds/snippets/18402597692930439041,b00006oaqv,0.22433105915706425,0.5603839755058289,12,2,0.030017921146953404,2,lexical+dense,False,0.22433105915706425,0.5603839755058289,0.07692307692307693,0.5434782608695652,0.0,0.0,0.0,0.0,0.4494494494494495,1.0,0.0,0.0,0.0,0.0,0.0,1.0,0.08333333333333333,0.5,0.005881065298247546,duplicate_7c8f3c8d638739ff,0.0029010622553786777,False,False,False,assumed_no_match,auto_no_match,True
http://www.google.com/base/feeds/snippets/18404168006486239466,b000hlp5do,0.48700577837923664,0.6441451907157898,3,3,0.031746031746031744,3,lexical+dense,False,0.48700577837923664,0.6441451907157898,0.5,0.767123287671233,0.0,0.0,0.6666666666666666,1.0,0.06987132475498378,1.0,0.0,0.0,0.0,0.0,0.0,1.0,0.3333333333333333,0.3333333333333333,0.24191717265506993,duplicate_c29d76c760c481c6,0.10538976497126762,True,False,True,reranking_miss,manual_review,
http://www.google.com/base/feeds/snippets/18408932251043665247,b000e8jl7q,0.540017889684918,0.8064425587654114,2,1,0.03252247488101534,1,lexical+dense,False,0.540017889684918,0.8064425587654114,0.45454545454545453,0.6229508196721312,0.0,0.0,0.0,1.0,0.0,1.0,0.0,0.0,0.0,1.0,0.0,1.0,0.5,1.0,0.051351460465553896,duplicate_1180126fbd99d775,0.0005820744851567916,False,False,False,assumed_no_match,manual_review,
http://www.google.com/base/feeds/snippets/18409582357586283156,b000az16r6,0.004997275299515444,0.3659588396549225,,1,0.01639344262295082,4,dense,False,0.004997275299515444,0.3659588396549225,0.0,0.2568807339449542,0.0,0.0,0.0,0.0,0.0,1.0,0.0,1.0,0.0,0.0,1.0,0.0,0.0,1.0,0.000871221734473209,duplicate_d6adabf928f1628a,4.471549667797584e-05,False,False,False,assumed_no_match,auto_no_match,True
http://www.google.com/base/feeds/snippets/18412791404030697965,b0009xb12o,0.777610645165783,0.9318300485610962,1,1,0.03278688524590164,1,lexical+dense,False,0.777610645165783,0.9318300485610962,0.0,0.3,1.0,1.0,0.0,1.0,0.17147623019182653,0.0,0.0,0.0,0.0,0.0,0.0,1.0,1.0,1.0,0.017516944119046602,duplicate_4f50c7a7c2ee456d,0.011407053390093121,False,False,False,assumed_no_match,auto_no_match,True
http://www.google.com/base/feeds/snippets/18418087816975565365,b000he39mk,0.43436703400760146,0.8057364821434021,1,1,0.03278688524590164,1,lexical+dense,False,0.43436703400760146,0.8057364821434021,0.26666666666666666,0.8484848484848484,0.0,0.0,0.25,1.0,0.5360092807424595,1.0,0.0,0.0,0.0,0.0,0.0,1.0,1.0,1.0,0.046700931664627306,duplicate_3266afca07380243,0.04208669729557414,False,False,False,assumed_no_match,manual_review,
http://www.google.com/base/feeds/snippets/18418631443367666576,b000ozibhk,0.3065413618207494,0.6045777797698975,1,1,0.03278688524590164,1,lexical+dense,False,0.3065413618207494,0.6045777797698975,0.38461538461538464,1.0,1.0,1.0,0.3333333333333333,1.0,0.06220657276995302,0.0,0.0,0.0,0.0,0.0,0.0,1.0,1.0,1.0,0.21357167646479722,duplicate_33a1ee15b986ad75,0.19540567289818406,True,True,True,top_gold_match,manual_review,
http://www.google.com/base/feeds/snippets/18420156205559716860,b000e2d3lc,0.1662492146908581,0.3147137761116028,1,15,0.029726775956284153,2,lexical+dense,False,0.1662492146908581,0.3147137761116028,0.2222222222222222,0.6885245901639344,0.0,0.0,0.0,0.0,0.045823389021479755,1.0,0.0,0.0,0.0,0.0,0.0,1.0,1.0,0.06666666666666667,0.04283864877359255,duplicate_d0cf41b758abf26b,0.03324426321801763,False,False,False,assumed_no_match,manual_review,
http://www.google.com/base/feeds/snippets/18421616891579857627,b000b5ss76,0.09133416366384522,0.39235660433769226,20,3,0.028373015873015873,6,lexical+dense,False,0.09133416366384522,0.39235660433769226,0.0,0.41509433962264153,0.0,0.0,0.0,0.0,0.0,1.0,0.0,1.0,0.0,0.0,1.0,1.0,0.05,0.3333333333333333,0.002809622859602697,duplicate_4e218bcb9fbf3e9c,0.001112073165336075,False,False,False,assumed_no_match,auto_no_match,True
http://www.google.com/base/feeds/snippets/18422068306669698354,b0006g2wke,0.465184966704535,0.7592215538024902,1,1,0.03278688524590164,1,lexical+dense,False,0.465184966704535,0.7592215538024902,0.3076923076923077,0.7676767676767676,0.0,0.0,0.0,1.0,0.4460154384406065,1.0,0.0,0.0,0.0,0.0,0.0,1.0,1.0,1.0,0.046628293073101956,duplicate_aa8b9123f6bfb857,0.04489275735852019,True,True,True,top_gold_match,manual_review,
http://www.google.com/base/feeds/snippets/18422522901850716672,b00097iaym,0.05670139143003163,0.48747339844703674,,2,0.016129032258064516,5,dense,False,0.05670139143003163,0.48747339844703674,0.10526315789473684,0.3963963963963964,0.0,0.24,0.0,1.0,0.17452440033085195,0.0,0.0,0.0,0.0,0.0,0.0,0.0,0.0,0.5,0.01171280701521904,duplicate_676e4833b1ac525c,0.006060696863833921,False,False,False,assumed_no_match,auto_no_match,True
http://www.google.com/base/feeds/snippets/18424247759201075212,b000162zq0,0.2363373301535303,0.723825216293335,4,1,0.032018442622950824,1,lexical+dense,False,0.2363373301535303,0.723825216293335,0.375,0.8181818181818181,1.0,1.0,0.0,0.0,0.10001666944490747,0.0,0.0,0.0,0.0,0.0,0.0,1.0,0.25,1.0,0.1807309918617759,duplicate_ddb292c8d2e9e920,0.03300742082608704,True,True,True,top_gold_match,manual_review,
http://www.google.com/base/feeds/snippets/18424772291147437636,b000bc38o2,0.08680534996465683,0.40303775668144226,18,18,0.02564102564102564,10,lexical+dense,False,0.08680534996465683,0.40303775668144226,0.13333333333333333,0.44705882352941173,0.0,0.26086956521739135,0.0,0.0,0.40013337779259756,0.0,0.0,0.0,0.0,0.0,0.0,1.0,0.05555555555555555,0.05555555555555555,0.011256105027931501,duplicate_fc872e09b8c63557,0.001578243285783489,False,False,False,assumed_no_match,auto_no_match,True
http://www.google.com/base/feeds/snippets/18425596514092797479,b0007yll20,0.25588061024419206,0.578106701374054,1,1,0.03278688524590164,1,lexical+dense,False,0.25588061024419206,0.578106701374054,0.46153846153846156,0.6938775510204082,0.0,0.0,0.75,1.0,0.08872683075053171,1.0,0.0,0.0,0.0,0.0,0.0,1.0,1.0,1.0,0.07104628967014572,duplicate_dd72683d7ac344e1,0.06968717082111353,True,True,True,top_gold_match,manual_review,
http://www.google.com/base/feeds/snippets/18425990585802870010,b000ndicpy,0.34447805532892584,0.7258045077323914,2,1,0.03252247488101534,1,lexical+dense,False,0.34447805532892584,0.7258045077323914,0.3333333333333333,0.8636363636363636,0.0,0.0,0.3333333333333333,1.0,0.0,1.0,0.0,0.0,0.0,1.0,0.0,1.0,0.5,1.0,0.06428592131879597,duplicate_4dac2ac46aad9d09,0.03327802245846026,False,False,False,assumed_no_match,manual_review,
http://www.google.com/base/feeds/snippets/18427202789383020961,b000jj4fbw,0.4723266128901269,0.7264264225959778,3,1,0.032266458495966696,1,lexical+dense,False,0.4723266128901269,0.7264264225959778,0.8,1.0,0.0,0.0,0.0,0.0,0.15037593984962405,1.0,0.0,1.0,0.0,0.0,0.0,1.0,0.3333333333333333,1.0,0.8350426848887699,duplicate_990b82010b1447fc,0.5409744066810032,True,True,True,top_gold_match,manual_review,
http://www.google.com/base/feeds/snippets/18427779526109249453,b0004f367u,0.05651156265407074,0.05848022922873497,6,,0.015151515151515152,10,lexical,False,0.05651156265407074,0.05848022922873497,0.0,0.2941176470588235,0.0,0.0,0.0,0.0,0.23153846153846153,1.0,0.0,1.0,0.0,0.0,0.0,0.0,0.16666666666666666,0.0,0.0007754770880871539,duplicate_edc1df28dac08401,0.0002532451307693019,False,False,False,assumed_no_match,auto_no_match,True
http://www.google.com/base/feeds/snippets/18429981645856636611,b000ml8d5q,0.07380178202542668,0.35094544291496277,,5,0.015384615384615385,10,dense,False,0.07380178202542668,0.35094544291496277,0.0,0.39344262295081966,0.0,0.0,0.0,0.0,0.0020010005002500824,1.0,0.0,0.0,0.0,0.0,0.0,0.0,0.0,0.2,0.005939604004759247,duplicate_fa1d1c050acca970,0.001081911357305767,False,False,False,assumed_no_match,auto_no_match,True
http://www.google.com/base/feeds/snippets/18431066094306345892,b0007yll20,0.3672878181128764,0.7800124287605286,1,1,0.03278688524590164,1,lexical+dense,False,0.3672878181128764,0.7800124287605286,0.38095238095238093,0.8333333333333333,0.0,0.0,0.14285714285714285,1.0,0.21273757919306432,1.0,0.0,0.0,0.0,0.0,0.0,1.0,1.0,1.0,0.1552682023775596,duplicate_a0cf03d9427f2d79,0.15374040321021398,True,True,True,top_gold_match,manual_review,
http://www.google.com/base/feeds/snippets/18432213157597113158,b000h3lza4,0.18077886971465582,0.3597583472728729,8,,0.014705882352941176,13,lexical,False,0.18077886971465582,0.3597583472728729,0.12,0.7692307692307692,0.0,0.0,0.0,1.0,0.575052581877495,1.0,0.0,0.0,0.0,0.0,0.0,0.0,0.125,0.0,0.0026704860812167227,duplicate_1867a6ccc1f1778c,0.0002840260696925388,False,False,False,assumed_no_match,auto_no_match,True
http://www.google.com/base/feeds/snippets/18433022834718595255,b000gzwjgc,0.38706562919657406,0.6119994521141052,1,1,0.03278688524590164,1,lexical+dense,False,0.38706562919657406,0.6119994521141052,0.14814814814814814,0.6274509803921569,0.0,0.0,0.0,1.0,0.2140962106422386,1.0,0.0,1.0,0.0,0.0,0.0,1.0,1.0,1.0,0.03548914261375936,duplicate_b935ae5e007e0d45,0.031055437529780842,False,False,False,assumed_no_match,manual_review,
http://www.google.com/base/feeds/snippets/18433166181981577716,b0006se5bq,0.010429454191320978,0.34122034907341003,,7,0.014925373134328358,10,dense,False,0.010429454191320978,0.34122034907341003,0.0,0.3214285714285714,0.0,0.19999999999999996,0.0,0.0,0.4317458513298478,0.0,0.0,0.0,0.0,0.0,0.0,0.0,0.0,0.14285714285714285,0.0029989742601830884,duplicate_19fb7ebc2f0498c1,0.0009682629375763218,False,False,False,assumed_no_match,auto_no_match,True
http://www.google.com/base/feeds/snippets/18433305760681691624,b000mgvnks,0.17549281547673548,0.2576059401035309,4,,0.015625,15,lexical,False,0.17549281547673548,0.2576059401035309,0.08333333333333333,0.6153846153846154,0.0,0.0,0.0,1.0,0.20264540387743676,1.0,0.0,1.0,0.0,0.0,0.0,0.0,0.25,0.0,0.006134290172134284,duplicate_d4c4186b3f27ee93,0.0006625173859300055,False,False,False,assumed_no_match,auto_no_match,True
http://www.google.com/base/feeds/snippets/18433582251941344230,b00008ajjc,0.41885907371612247,0.47822898626327515,1,1,0.03278688524590164,1,lexical+dense,False,0.41885907371612247,0.47822898626327515,0.0,0.28125,0.0,0.0,0.0,0.0,0.0013337779259752968,1.0,0.0,0.0,0.0,0.0,0.0,1.0,1.0,1.0,0.01316175151061145,duplicate_b91af56d6f2896f0,0.008711077428220752,False,False,False,assumed_no_match,auto_no_match,True
http://www.google.com/base/feeds/snippets/18434525344397886462,b00006hmwc,0.38691895541591836,0.6032302975654602,1,1,0.03278688524590164,1,lexical+dense,False,0.38691895541591836,0.6032302975654602,0.0,0.2388059701492537,0.0,0.30434782608695654,0.0,1.0,0.07072287978088627,0.0,0.0,0.0,0.0,0.0,0.0,1.0,1.0,1.0,0.020517591299888144,duplicate_aea76f89e2bc7b1d,0.001187844660167952,False,False,False,assumed_no_match,manual_review,
http://www.google.com/base/feeds/snippets/18434800306472435486,b000exu6cu,0.5092586138276646,0.7885051369667053,1,1,0.03278688524590164,1,lexical+dense,False,0.5092586138276646,0.7885051369667053,0.4090909090909091,0.7008547008547009,0.0,0.0,0.25,1.0,0.4919694533762058,1.0,0.0,0.0,0.0,0.0,0.0,1.0,1.0,1.0,0.04144920119414266,duplicate_e227c738ea8db05d,0.0377034595098715,False,False,False,assumed_no_match,manual_review,
http://www.google.com/base/feeds/snippets/18441480711193821750,b000jz4hqo,0.49533302172064064,0.7779433131217957,1,1,0.03278688524590164,1,lexical+dense,False,0.49533302172064064,0.7779433131217957,0.6666666666666666,0.946236559139785,0.0,0.0,0.0,1.0,0.0,1.0,0.0,0.0,1.0,0.0,1.0,1.0,1.0,1.0,0.34139037292240354,duplicate_14db8c1c970f1acd,0.32836923049256633,True,True,True,top_gold_match,manual_review,
http://www.google.com/base/feeds/snippets/18441655151227442425,b000v05f4k,0.07669240625016623,0.508510947227478,18,3,0.028693528693528692,4,lexical+dense,False,0.07669240625016623,0.508510947227478,0.15384615384615385,0.5555555555555556,0.0,0.0,0.0,1.0,0.0,1.0,0.0,1.0,0.0,0.0,1.0,1.0,0.05555555555555555,0.3333333333333333,0.004625791084888354,duplicate_7872d6907e039499,0.001451904810922834,False,False,False,assumed_no_match,auto_no_match,True
http://www.google.com/base/feeds/snippets/18444819483027769558,b000hed3gm,0.0017096139961398761,0.2726895809173584,,10,0.014285714285714285,19,dense,False,0.0017096139961398761,0.2726895809173584,0.0,0.375,0.0,0.0,0.0,0.0,0.006013916500993934,1.0,0.0,0.0,0.0,0.0,0.0,0.0,0.0,0.1,0.0034247061215377113,duplicate_53f3e0229063749a,0.002599229482712268,False,False,False,assumed_no_match,auto_no_match,True
http://www.google.com/base/feeds/snippets/18446496383812786183,b000056b62,0.3191257796501701,0.5997797250747681,1,1,0.03278688524590164,1,lexical+dense,False,0.3191257796501701,0.5997797250747681,0.25,0.9696969696969697,0.0,0.0,0.0,0.0,0.0,1.0,0.0,0.0,0.0,0.0,0.0,1.0,1.0,1.0,0.4804080657727303,duplicate_f0c619cf1022a8c1,0.4662708871949161,True,True,True,top_gold_match,manual_review,
http://www.google.com/base/feeds/snippets/1883379429602083103,b0009rgzgm,0.2820203410490518,0.6382213234901428,1,1,0.03278688524590164,1,lexical+dense,False,0.2820203410490518,0.6382213234901428,0.6,1.0,0.0,0.0,0.0,0.0,0.14416345192170305,1.0,0.0,0.0,0.0,0.0,0.0,1.0,1.0,1.0,0.5379086099563007,duplicate_55f9775d38d8776d,0.518707877237704,True,True,True,top_gold_match,manual_review,
http://www.google.com/base/feeds/snippets/1936516034668822172,b000exw524,0.12412516313162149,0.507061779499054,,2,0.016129032258064516,6,dense,False,0.12412516313162149,0.507061779499054,0.4,1.0,0.0,0.0,0.0,0.0,0.040008001600320066,1.0,0.0,0.0,0.0,0.0,0.0,0.0,0.0,0.5,0.3465765362132925,duplicate_607886d0b309562e,0.2878971987166527,True,True,True,top_gold_match,manual_review,
http://www.google.com/base/feeds/snippets/1943468973342706865,b0009qvgeo,0.5591535906953939,0.4680277705192566,2,2,0.03225806451612903,2,lexical+dense,False,0.5591535906953939,0.4680277705192566,0.3,0.9433962264150944,1.0,1.0,0.0,0.0,0.5002501250625312,0.0,0.0,0.0,0.0,0.0,0.0,1.0,0.5,0.5,0.07758553934069627,duplicate_9b9a0855ef77ff57,0.05199721151048668,False,False,False,assumed_no_match,manual_review,
http://www.google.com/base/feeds/snippets/2051052198305837874,b00062vos4,0.08735764399756052,0.28544697165489197,,1,0.01639344262295082,5,dense,False,0.08735764399756052,0.28544697165489197,0.0,0.3516483516483517,0.0,0.38095238095238093,0.0,0.0,0.03334444814938313,0.0,0.0,0.0,0.0,0.0,0.0,0.0,0.0,1.0,0.014163913911752543,duplicate_f349ca59616bc6af,0.007854313237919297,False,False,False,assumed_no_match,auto_no_match,True
http://www.google.com/base/feeds/snippets/2062975649512805986,b000gr1ceu,0.4219629349871275,0.86469566822052,1,1,0.03278688524590164,1,lexical+dense,False,0.4219629349871275,0.86469566822052,0.6666666666666666,0.9367088607594937,0.0,0.0,0.3333333333333333,1.0,0.1517879469867467,1.0,0.0,0.0,0.0,0.0,0.0,1.0,1.0,1.0,0.5341653100081283,duplicate_37f8c7964e152d65,0.1377803239816519,True,True,True,top_gold_match,manual_review,
http://www.google.com/base/feeds/snippets/2200105376248238022,b000qjrska,0.03817600501258853,0.38147109746932983,,6,0.015151515151515152,11,dense,False,0.03817600501258853,0.38147109746932983,0.0,0.3,0.0,0.2068965517241379,0.0,0.0,0.03334444814938313,0.0,0.0,0.0,0.0,0.0,0.0,0.0,0.0,0.16666666666666666,0.019131071138820455,duplicate_8a8a33ff2dd90cfe,0.008103401467005453,False,False,False,assumed_no_match,auto_no_match,True
http://www.google.com/base/feeds/snippets/222400256379219119,b000ogsyjy,0.15903784015378172,0.5624712109565735,,10,0.014285714285714285,19,dense,False,0.15903784015378172,0.5624712109565735,0.42857142857142855,0.8292682926829268,0.0,0.0,1.0,0.0,0.08949136919276095,1.0,0.0,0.0,0.0,0.0,0.0,0.0,0.0,0.1,0.20080295431715287,duplicate_1bbe846b9e1d3d51,0.05650104287009969,True,False,False,retrieval_miss,manual_review,
http://www.google.com/base/feeds/snippets/2233807276870300519,b000f7ev1w,0.24089825517308291,0.6117885708808899,3,4,0.03149801587301587,3,lexical+dense,False,0.24089825517308291,0.6117885708808899,0.5,1.0,0.0,0.0,1.0,0.0,0.15385798907608286,1.0,0.0,0.0,0.0,0.0,0.0,1.0,0.3333333333333333,0.25,0.443897200302223,duplicate_256fc62a2824ef63,0.2951933089966451,True,False,True,reranking_miss,manual_review,
http://www.google.com/base/feeds/snippets/2334856191583335807,b000tilkpc,0.5300645506342383,0.7825239300727844,1,1,0.03278688524590164,1,lexical+dense,False,0.5300645506342383,0.7825239300727844,0.23529411764705882,0.6412213740458015,0.0,0.0,0.0,1.0,0.0,1.0,0.0,0.0,0.0,0.0,1.0,1.0,1.0,1.0,0.047768457140138894,duplicate_2c2b8156e143ab43,0.0012554792280416727,False,False,False,assumed_no_match,manual_review,
http://www.google.com/base/feeds/snippets/2396644862873280062,b000mz7c36,0.2264400303787624,0.5191689133644104,1,2,0.03252247488101534,1,lexical+dense,False,0.2264400303787624,0.5191689133644104,0.0625,0.37383177570093457,0.0,0.0,0.0,1.0,0.04784688995215311,1.0,0.0,0.0,0.0,0.0,0.0,1.0,1.0,0.5,0.005356176542612789,duplicate_65b40642647b065a,0.0005250926480208059,False,False,False,assumed_no_match,auto_no_match,True
http://www.google.com/base/feeds/snippets/2448830856693653081,b000gbukgm,0.4349766125854179,0.782698392868042,5,2,0.0315136476426799,4,lexical+dense,False,0.4349766125854179,0.782698392868042,0.47058823529411764,0.9387755102040817,0.0,0.0,0.3333333333333333,1.0,0.09969969969969977,1.0,0.0,0.0,0.0,0.0,0.0,1.0,0.2,0.5,0.4472353187752603,duplicate_23317f16c69c5486,0.2734643689862199,True,True,True,top_gold_match,manual_review,
http://www.google.com/base/feeds/snippets/2454405441197407300,b000ghwq7c,0.5154158474009787,0.8244102001190186,1,1,0.03278688524590164,1,lexical+dense,False,0.5154158474009787,0.8244102001190186,0.4666666666666667,0.6451612903225806,0.0,0.0,0.0,0.0,0.4615739672282484,1.0,0.0,0.0,0.0,0.0,0.0,1.0,1.0,1.0,0.09736502163484616,duplicate_27900c5ec2a572db,0.09035797863156533,True,True,True,top_gold_match,manual_review,
http://www.google.com/base/feeds/snippets/2461116331238857888,b000ndichc,0.2815758807339396,0.6178383827209473,5,11,0.02946912242686891,7,lexical+dense,False,0.2815758807339396,0.6178383827209473,0.4444444444444444,1.0,0.0,0.0,1.0,0.0,0.03003003003003003,1.0,0.0,0.0,0.0,0.0,0.0,1.0,0.2,0.09090909090909091,0.5883732228542681,duplicate_e2e97cb4ef7f4709,0.1155891547487638,True,False,True,reranking_miss,manual_review,
http://www.google.com/base/feeds/snippets/251538724524961694,b00019tb00,0.2878157918234082,0.5909901857376099,1,5,0.03177805800756621,2,lexical+dense,False,0.2878157918234082,0.5909901857376099,0.6,1.0,0.0,0.6428571428571428,0.5,1.0,0.20002000200020004,0.0,0.0,0.0,0.0,0.0,0.0,1.0,1.0,0.2,0.4134384996107898,duplicate_58c86a7f973034da,0.401970977567124,True,True,True,top_gold_match,manual_review,
http://www.google.com/base/feeds/snippets/2618959948842073817,b000ndicqi,0.1455112390877493,0.6204759478569031,,1,0.01639344262295082,2,dense,False,0.1455112390877493,0.6204759478569031,0.375,0.6571428571428573,0.0,0.0,1.0,0.0,0.1707987832826368,1.0,0.0,0.0,0.0,0.0,0.0,0.0,0.0,1.0,0.06556243373876418,duplicate_5be0312944dcc82a,0.051474573814765286,False,False,False,assumed_no_match,manual_review,
http://www.google.com/base/feeds/snippets/2622452102774676117,b000ap2wyw,0.3298245945570602,0.5779250264167786,1,3,0.032266458495966696,2,lexical+dense,False,0.3298245945570602,0.5779250264167786,1.0,1.0,0.0,0.0,0.0,0.0,0.2046023011505752,1.0,0.0,0.0,1.0,0.0,0.0,1.0,1.0,0.3333333333333333,0.6427357372367585,duplicate_12bf62f6cd747c5b,0.23339851354819124,True,True,True,top_gold_match,manual_review,
http://www.google.com/base/feeds/snippets/2691848002513611613,b0001wn0m2,0.33013293052771536,0.8274408578872681,6,1,0.031544957774465976,2,lexical+dense,False,0.33013293052771536,0.8274408578872681,0.5,0.736842105263158,0.0,0.0,1.0,0.0,0.00010000250006255272,1.0,0.0,0.0,0.0,0.0,0.0,1.0,0.16666666666666666,1.0,0.4832203136357232,duplicate_804df42b4e986732,0.2820343564152917,True,True,True,top_gold_match,manual_review,
http://www.google.com/base/feeds/snippets/2694108752101009216,b000hhzie4,0.4088081539156103,0.7261170148849487,1,1,0.03278688524590164,1,lexical+dense,False,0.4088081539156103,0.7261170148849487,0.23076923076923078,0.7777777777777777,0.0,0.0,0.0,0.0,0.10105052526263131,1.0,0.0,0.0,0.0,0.0,0.0,1.0,1.0,1.0,0.2736977208152363,duplicate_ffe8493c1985ac55,0.2633809666220458,False,False,False,assumed_no_match,manual_review,
http://www.google.com/base/feeds/snippets/272319572293073318,b00019tb00,0.2878157918234082,0.5909901857376099,1,5,0.03177805800756621,2,lexical+dense,False,0.2878157918234082,0.5909901857376099,0.6,1.0,0.0,0.6428571428571428,0.5,1.0,0.20002000200020004,0.0,0.0,0.0,0.0,0.0,0.0,1.0,1.0,0.2,0.4134384996107898,duplicate_58c86a7f973034da,0.401970977567124,True,True,True,top_gold_match,manual_review,
http://www.google.com/base/feeds/snippets/2761414112968696300,b0009qvgeo,0.5006442668502565,0.47795599699020386,2,2,0.03225806451612903,2,lexical+dense,False,0.5006442668502565,0.47795599699020386,0.3,0.9433962264150944,1.0,1.0,0.0,0.0,0.5002501250625312,0.0,0.0,0.0,0.0,0.0,0.0,1.0,0.5,0.5,0.06768444630795908,duplicate_046cf763884fd597,0.04619977047483395,False,False,False,assumed_no_match,manual_review,
http://www.google.com/base/feeds/snippets/2793425352847818039,b000bwzzlg,0.14959319949689287,0.5640668869018555,,1,0.01639344262295082,5,dense,False,0.14959319949689287,0.5640668869018555,0.8888888888888888,1.0,0.0,0.0,1.0,0.0,0.06984496124031012,1.0,0.0,0.0,0.0,0.0,0.0,0.0,0.0,1.0,0.6327239008919733,duplicate_2993d1f68d39df0f,0.3884122453450103,True,True,True,top_gold_match,manual_review,
http://www.google.com/base/feeds/snippets/2927219174769865115,b000ndib8m,0.13988983194082708,0.623338520526886,,2,0.016129032258064516,5,dense,False,0.13988983194082708,0.623338520526886,0.8,0.8928571428571429,0.0,0.0,1.0,0.0,0.033855384764270406,1.0,0.0,0.0,0.0,0.0,0.0,0.0,0.0,0.5,0.5219252494763376,duplicate_8d09e4499aadb0bd,0.48738162435006643,True,True,True,top_gold_match,manual_review,
http://www.google.com/base/feeds/snippets/3072564526654826865,b000lwfbem,0.3248979481437237,0.6422309875488281,1,1,0.03278688524590164,1,lexical+dense,False,0.3248979481437237,0.6422309875488281,0.2222222222222222,0.8888888888888888,1.0,1.0,0.25,1.0,0.5624257580493904,0.0,0.0,0.0,0.0,0.0,0.0,1.0,1.0,1.0,0.014041538760368899,duplicate_4a45c366fca570e1,0.008929318315572157,False,False,False,assumed_no_match,auto_no_match,True
http://www.google.com/base/feeds/snippets/3109843856569025604,b00008mops,0.1617094862917171,0.28430452942848206,2,8,0.030834914611005692,1,lexical+dense,False,0.1617094862917171,0.28430452942848206,0.0,0.30508474576271183,0.0,0.0,0.0,0.0,0.0,1.0,0.0,0.0,0.0,0.0,1.0,1.0,0.5,0.125,0.000976610360126539,duplicate_d4c2eb161758602f,8.807587293520672e-06,False,False,False,assumed_no_match,auto_no_match,True
http://www.google.com/base/feeds/snippets/3409784122469217433,b00006hvvo,0.62070055819812,0.7530055642127991,1,2,0.03252247488101534,1,lexical+dense,False,0.62070055819812,0.7530055642127991,0.2222222222222222,0.6666666666666665,0.0,0.0,0.0,1.0,0.0,1.0,0.0,0.0,0.0,0.0,1.0,1.0,1.0,0.5,0.0633184506726949,duplicate_f9715e517764c598,0.029828749525930738,True,True,True,top_gold_match,manual_review,
http://www.google.com/base/feeds/snippets/3473826515983580841,b000ndib7s,0.14299255154211607,0.5852470993995667,,8,0.014705882352941176,17,dense,False,0.14299255154211607,0.5852470993995667,0.8333333333333334,0.9117647058823529,0.0,0.0,1.0,0.0,0.04527638190954769,1.0,0.0,0.0,0.0,0.0,0.0,0.0,0.0,0.125,0.52706920657153,duplicate_e93a7b936fec7c61,0.5182154124509953,True,True,True,top_gold_match,manual_review,
http://www.google.com/base/feeds/snippets/3518997692511645502,b000fngzs8,0.36169393128360633,0.671027660369873,1,1,0.03278688524590164,1,lexical+dense,False,0.36169393128360633,0.671027660369873,0.6666666666666666,1.0,0.0,0.0,0.6666666666666666,1.0,0.0,1.0,0.0,0.0,0.0,0.0,1.0,1.0,1.0,1.0,0.27829932751176684,duplicate_5d3c72823587e686,0.27665825104816855,True,True,True,top_gold_match,manual_review,
http://www.google.com/base/feeds/snippets/3544304577464937584,b0009suw5q,0.3636997946117886,0.582363486289978,1,1,0.03278688524590164,1,lexical+dense,False,0.3636997946117886,0.582363486289978,0.1,0.55,1.0,1.0,0.0,0.0,0.14289797084881403,0.0,0.0,0.0,0.0,0.0,0.0,1.0,1.0,1.0,0.02389562987417543,duplicate_35b2e3d1d30b11a3,0.015158792374377244,False,False,False,assumed_no_match,manual_review,
http://www.google.com/base/feeds/snippets/3607173973836413689,b000ndick4,0.17356738606141822,0.48669424653053284,10,,0.014285714285714285,19,lexical,False,0.17356738606141822,0.48669424653053284,0.7142857142857143,1.0,0.0,0.0,1.0,0.0,0.02499405484179782,1.0,0.0,0.0,0.0,0.0,0.0,0.0,0.1,0.0,0.5602175036301792,duplicate_c0a696a02464c805,0.0187775478714578,True,False,False,retrieval_miss,manual_review,
http://www.google.com/base/feeds/snippets/3688698849875875716,b000phd8ha,0.15646224584115226,0.5216876864433289,10,5,0.02967032967032967,4,lexical+dense,False,0.15646224584115226,0.5216876864433289,0.10526315789473684,0.5333333333333333,0.0,0.0,0.0,0.0,0.410958904109589,1.0,0.0,0.0,0.0,0.0,0.0,1.0,0.1,0.2,0.0051329619160626816,duplicate_6f04fef9688e79d1,0.0010160715875982898,False,False,False,assumed_no_match,auto_no_match,True
http://www.google.com/base/feeds/snippets/3749596678045101672,b000ehpzyu,0.37164050503822077,0.5192376375198364,2,4,0.031754032258064516,3,lexical+dense,False,0.37164050503822077,0.5192376375198364,0.2727272727272727,0.7924528301886792,0.0,0.0,0.0,1.0,0.0,1.0,0.0,0.0,0.0,0.0,1.0,1.0,0.5,0.25,0.03479351973503724,duplicate_c7cd2c4f284b551d,0.0247618866138668,False,False,False,assumed_no_match,manual_review,
http://www.google.com/base/feeds/snippets/3752772644614152917,b000hi1i6u,0.3150143568915351,0.6319395303726196,1,2,0.03252247488101534,2,lexical+dense,False,0.3150143568915351,0.6319395303726196,0.16666666666666666,0.6666666666666665,0.0,0.0,0.0,0.0,0.2302302302302302,1.0,0.0,0.0,0.0,0.0,0.0,1.0,1.0,0.5,0.05561955525084187,duplicate_f2cbfa7adddbc301,0.04997818335302837,True,True,True,top_gold_match,manual_review,
http://www.google.com/base/feeds/snippets/3887119395489365873,b000b3z2zo,0.4323550238003613,0.6967058777809143,3,2,0.03200204813108039,2,lexical+dense,False,0.4323550238003613,0.6967058777809143,0.2857142857142857,0.6363636363636364,0.0,0.0,1.0,0.0,0.26880764529392154,1.0,0.0,0.0,0.0,0.0,0.0,1.0,0.3333333333333333,0.5,0.08965232969860049,duplicate_a78182c1a335f6e6,0.019562738944007008,True,False,True,reranking_miss,manual_review,
http://www.google.com/base/feeds/snippets/3887505246480393705,b000300hhi,0.05967879370790675,0.4039202332496643,,3,0.015873015873015872,5,dense,False,0.05967879370790675,0.4039202332496643,0.08,0.484472049689441,0.0,0.0,0.0,1.0,0.0,1.0,0.0,0.0,1.0,0.0,1.0,0.0,0.0,0.3333333333333333,0.0012332052813583318,duplicate_4d2327ed6f90451b,0.00016044685310919772,False,False,False,assumed_no_match,auto_no_match,True
http://www.google.com/base/feeds/snippets/3989496415533250864,b000a40w4a,0.29617504584321963,0.6678063869476318,1,1,0.03278688524590164,1,lexical+dense,False,0.29617504584321963,0.6678063869476318,0.5454545454545454,0.8813559322033899,0.0,0.0,0.0,0.0,0.33344448149383127,1.0,0.0,0.0,1.0,0.0,0.0,1.0,1.0,1.0,0.19997087468752536,duplicate_963bf8a00ed95d38,0.18635612666719495,False,False,False,assumed_no_match,manual_review,
http://www.google.com/base/feeds/snippets/4028925535037360971,b000gb0m7y,0.18641006123667123,0.5299878716468811,5,4,0.031009615384615385,5,lexical+dense,False,0.18641006123667123,0.5299878716468811,0.11764705882352941,0.4915254237288136,0.0,0.0,0.0,1.0,0.282957821048297,1.0,0.0,0.0,0.0,0.0,0.0,1.0,0.2,0.25,0.0035629080603232243,duplicate_7055f9ad4e929d14,0.0020225545514880715,False,False,False,assumed_no_match,auto_no_match,True
http://www.google.com/base/feeds/snippets/4142751275091158911,b000lrdlia,0.6298754249573745,0.688391923904419,1,1,0.03278688524590164,1,lexical+dense,False,0.6298754249573745,0.688391923904419,0.5555555555555556,0.8846153846153847,0.0,0.0,0.0,0.0,0.040008001600320066,1.0,0.0,0.0,0.0,0.0,0.0,1.0,1.0,1.0,0.7491502885675052,duplicate_731c846473a123fc,0.7200863604218213,True,True,True,top_gold_match,manual_review,
http://www.google.com/base/feeds/snippets/415173687627513981,b000k2nktg,0.3764966001576521,0.7157167792320251,3,3,0.031746031746031744,4,lexical+dense,False,0.3764966001576521,0.7157167792320251,0.42857142857142855,0.927536231884058,0.0,0.0,0.0,0.0,0.05202601300650321,1.0,0.0,0.0,0.0,0.0,0.0,1.0,0.3333333333333333,0.3333333333333333,0.5810327371965712,duplicate_e51d2592e88889b5,0.5494637684778918,True,True,True,top_gold_match,manual_review,
http://www.google.com/base/feeds/snippets/4233168214815079628,b000o3efrm,0.17884355577027392,0.5127858519554138,6,2,0.03128054740957967,2,lexical+dense,False,0.17884355577027392,0.5127858519554138,0.4,0.7567567567567568,0.0,0.0,0.0,0.0,0.11034482758620691,1.0,0.0,0.0,0.0,0.0,0.0,1.0,0.16666666666666666,0.5,0.1118812616670866,duplicate_037a9937b3ebd8d8,0.04718088971655973,True,True,True,top_gold_match,manual_review,
http://www.google.com/base/feeds/snippets/4247841323668156699,b000ndibl4,0.1856729671312993,0.6307007670402527,7,1,0.03131881575727918,1,lexical+dense,False,0.1856729671312993,0.6307007670402527,0.5555555555555556,0.8831168831168832,0.0,0.0,0.5,1.0,0.2806453226613307,1.0,0.0,1.0,0.0,0.0,0.0,1.0,0.14285714285714285,1.0,0.12662515510580638,duplicate_e81772eb8f5b4e7c,0.015872559818737156,True,False,True,reranking_miss,manual_review,
http://www.google.com/base/feeds/snippets/4338535513080457819,b000rlqnr6,0.18099172768341934,0.6201443672180176,12,8,0.028594771241830064,9,lexical+dense,False,0.18099172768341934,0.6201443672180176,0.058823529411764705,0.4666666666666666,0.0,0.0,0.0,1.0,0.0,1.0,0.0,0.0,0.0,0.0,0.0,1.0,0.08333333333333333,0.125,0.012447771533218209,duplicate_6e8fd9417f209073,0.006643210515941617,False,False,False,assumed_no_match,auto_no_match,True
http://www.google.com/base/feeds/snippets/4433860407786915136,b000cepgwg,0.1291019570807933,0.5724787712097168,15,1,0.029726775956284153,1,lexical+dense,False,0.1291019570807933,0.5724787712097168,0.5714285714285714,0.8636363636363636,0.0,0.0,0.0,0.0,0.259307279125764,1.0,0.0,0.0,0.0,0.0,0.0,1.0,0.06666666666666667,1.0,0.14182241087353523,duplicate_9fecdedc70691de4,0.09857920577165294,True,True,True,top_gold_match,manual_review,
http://www.google.com/base/feeds/snippets/4450102625152904120,b000frqfe8,0.3764367161430868,0.63570636510849,1,1,0.03278688524590164,1,lexical+dense,False,0.3764367161430868,0.63570636510849,0.1111111111111111,0.689655172413793,0.0,0.0,0.0,1.0,0.024030037546933686,1.0,0.0,0.0,0.0,0.0,0.0,1.0,1.0,1.0,0.0721291701866491,duplicate_65570aa9f86b7437,0.06979235935263974,True,True,True,top_gold_match,manual_review,
http://www.google.com/base/feeds/snippets/4482971378704982339,b000nkpf7k,0.4799872112678385,0.625270664691925,1,1,0.03278688524590164,1,lexical+dense,False,0.4799872112678385,0.625270664691925,0.08333333333333333,0.5274725274725275,0.0,0.5714285714285714,0.0,0.0,0.048120300751879744,0.0,0.0,0.0,0.0,0.0,0.0,1.0,1.0,1.0,0.17339851237498413,duplicate_32efea5d0eab289a,0.1171230286791981,False,False,False,assumed_no_match,manual_review,
http://www.google.com/base/feeds/snippets/4554224015096760712,b000e15nhk,0.12536930599055687,0.47226348519325256,17,17,0.025974025974025976,8,lexical+dense,False,0.12536930599055687,0.47226348519325256,0.0,0.2521008403361344,0.0,0.0,0.0,0.0,0.0991491491491491,1.0,0.0,0.0,0.0,0.0,0.0,1.0,0.058823529411764705,0.058823529411764705,0.0029676882869722333,duplicate_26296781aa4fe082,0.0017243594638932426,False,False,False,assumed_no_match,auto_no_match,True
http://www.google.com/base/feeds/snippets/4635585281695496952,b000fdetx6,0.2191100210386926,0.6440855264663696,1,1,0.03278688524590164,1,lexical+dense,False,0.2191100210386926,0.6440855264663696,1.0,0.9761904761904762,0.0,0.0,1.0,0.0,0.003300110003666819,1.0,0.0,0.0,0.0,0.0,0.0,1.0,1.0,1.0,0.797448275618771,duplicate_9498bd587e20a1de,0.7185601614357926,True,True,True,top_gold_match,manual_review,
http://www.google.com/base/feeds/snippets/4672425011703995374,b00019tb00,0.2878157918234082,0.5909901857376099,1,5,0.03177805800756621,2,lexical+dense,False,0.2878157918234082,0.5909901857376099,0.6,1.0,0.0,0.6428571428571428,0.5,1.0,0.20002000200020004,0.0,0.0,0.0,0.0,0.0,0.0,1.0,1.0,0.2,0.4134384996107898,duplicate_58c86a7f973034da,0.401970977567124,True,True,True,top_gold_match,manual_review,
http://www.google.com/base/feeds/snippets/4703701453618359906,b000gr1ceu,0.37365425620610215,0.842749834060669,1,1,0.03278688524590164,1,lexical+dense,False,0.37365425620610215,0.842749834060669,0.8888888888888888,1.0,0.0,0.0,0.6666666666666666,1.0,0.1505376344086022,1.0,0.0,0.0,0.0,0.0,0.0,1.0,1.0,1.0,0.679790708441871,duplicate_7969b7a7782cb2b3,0.2538435171753534,True,True,True,top_gold_match,manual_review,
http://www.google.com/base/feeds/snippets/4726171980422359572,b0000swyw4,0.3357364831671536,0.6807254552841187,4,2,0.031754032258064516,2,lexical+dense,False,0.3357364831671536,0.6807254552841187,0.2857142857142857,0.7894736842105263,0.0,0.0,0.0,1.0,0.0,1.0,0.0,0.0,0.0,0.0,1.0,1.0,0.25,0.5,0.04903944249472536,duplicate_4cf3c159f050ebe1,0.022346119911714576,False,False,False,assumed_no_match,manual_review,
http://www.google.com/base/feeds/snippets/4898886892178526357,b000bcdrdo,0.22047074774647066,0.6259305477142334,6,1,0.031544957774465976,2,lexical+dense,False,0.22047074774647066,0.6259305477142334,0.5,0.6285714285714286,0.0,0.0,0.0,1.0,0.10455227613806904,1.0,0.0,0.0,0.0,0.0,0.0,1.0,0.16666666666666666,1.0,0.05055160643814074,duplicate_23a8183c9ffbaa90,0.02240991712030906,False,False,False,assumed_no_match,manual_review,
http://www.google.com/base/feeds/snippets/5100142948291279525,b000lwfbem,0.3248979481437237,0.6422309875488281,1,1,0.03278688524590164,1,lexical+dense,False,0.3248979481437237,0.6422309875488281,0.2222222222222222,0.8888888888888888,1.0,1.0,0.25,1.0,0.5624257580493904,0.0,0.0,0.0,0.0,0.0,0.0,1.0,1.0,1.0,0.014041538760368899,duplicate_4a45c366fca570e1,0.008929318315572157,False,False,False,assumed_no_match,auto_no_match,True
http://www.google.com/base/feeds/snippets/5155217336879101407,b00022ptru,0.2470118046821062,0.5878775119781494,4,2,0.031754032258064516,3,lexical+dense,False,0.2470118046821062,0.5878775119781494,0.6,0.9487179487179488,0.0,0.0,1.0,0.0,0.5176381909547739,1.0,0.0,0.0,0.0,0.0,0.0,1.0,0.25,0.5,0.12170388871413852,duplicate_07f946f5279f0aa1,0.0057889282702036915,False,False,False,assumed_no_match,manual_review,
http://www.google.com/base/feeds/snippets/5196111013090642318,b000t9luce,0.15090247128292844,0.5001670718193054,12,7,0.028814262023217248,9,lexical+dense,False,0.15090247128292844,0.5001670718193054,0.25,0.5609756097560975,0.0,0.0,0.3333333333333333,1.0,0.05000250012500625,1.0,0.0,0.0,0.0,0.0,0.0,1.0,0.08333333333333333,0.14285714285714285,0.016206047436272956,duplicate_123dc24d5ba2d8fe,0.010039505996040334,False,False,False,assumed_no_match,auto_no_match,True
http://www.google.com/base/feeds/snippets/5216140459207502478,b000om7diq,0.40136200344880996,0.8002983927726746,2,2,0.03225806451612903,2,lexical+dense,False,0.40136200344880996,0.8002983927726746,0.45454545454545453,0.9310344827586207,0.0,0.0,0.0,1.0,0.0005000625078133772,1.0,0.0,0.0,0.0,0.0,0.0,1.0,0.5,0.5,0.5211816463453416,duplicate_1ab909e16a484c76,0.37565356100437497,True,True,True,top_gold_match,manual_review,
http://www.google.com/base/feeds/snippets/5238862557893361196,b0009yx9by,0.629746620161526,0.8657389283180237,1,1,0.03278688524590164,1,lexical+dense,False,0.629746620161526,0.8657389283180237,0.4166666666666667,0.7586206896551724,0.0,0.0,0.0,1.0,0.18664509486689215,1.0,0.0,0.0,0.0,0.0,0.0,1.0,1.0,1.0,0.292743314719139,duplicate_e8dbfb0b56e31ec7,0.29049054495164395,True,True,True,top_gold_match,manual_review,
http://www.google.com/base/feeds/snippets/5250375660251099807,b000hbys5k,0.32254876723266157,0.6369463801383972,2,11,0.03021353930031804,5,lexical+dense,False,0.32254876723266157,0.6369463801383972,0.36363636363636365,1.0,0.0,0.0,1.0,0.0,0.16008004002001,1.0,0.0,0.0,0.0,0.0,0.0,1.0,0.5,0.09090909090909091,0.44567337035070387,duplicate_f5ad8dee565f253e,0.39848490449254326,True,True,True,top_gold_match,manual_review,
http://www.google.com/base/feeds/snippets/5363123129666342202,b0007l9ecw,0.4581933902519036,0.6180355548858643,1,1,0.03278688524590164,1,lexical+dense,False,0.4581933902519036,0.6180355548858643,0.4,0.75,0.0,0.0,0.0,0.0,0.009504752376188122,1.0,0.0,0.0,0.0,0.0,0.0,1.0,1.0,1.0,0.37328389658613165,duplicate_cdac1f03931aef88,0.3669731036079915,True,True,True,top_gold_match,manual_review,
http://www.google.com/base/feeds/snippets/5365332596604800353,b000h3lza4,0.06347948256123512,0.2766795754432678,15,16,0.02649122807017544,1,lexical+dense,False,0.06347948256123512,0.2766795754432678,0.0,0.3414634146341463,0.0,0.0,0.0,1.0,0.07484848484848482,1.0,0.0,0.0,0.0,0.0,0.0,1.0,0.06666666666666667,0.0625,0.0010921614640824722,duplicate_4518ad3b951b34eb,0.00023332665170074107,False,False,False,assumed_no_match,auto_no_match,True
http://www.google.com/base/feeds/snippets/5571864419424285346,b000in6trc,0.480851146213302,0.731943666934967,3,4,0.03149801587301587,3,lexical+dense,False,0.480851146213302,0.731943666934967,0.4,1.0,0.0,0.0,0.0,0.0,0.15975975975975984,1.0,0.0,0.0,0.0,0.0,0.0,1.0,0.3333333333333333,0.25,0.6297311939795532,duplicate_0d1658f20ac47acc,0.4267790667861102,True,False,True,reranking_miss,manual_review,
http://www.google.com/base/feeds/snippets/5665024204886410,b0009h9q1i,0.4760464508352944,0.6836904287338257,1,1,0.03278688524590164,1,lexical+dense,False,0.4760464508352944,0.6836904287338257,0.5,1.0,0.0,0.0,0.0,0.0,0.25156445556946194,1.0,0.0,0.0,0.0,0.0,0.0,1.0,1.0,1.0,0.5431969567722746,duplicate_f9f916c5132b3c32,0.48561481859528277,True,True,True,top_gold_match,manual_review,
http://www.google.com/base/feeds/snippets/5673733196767057398,b000ndid26,0.16736701414887176,0.5842316150665283,19,2,0.02878726010616578,2,lexical+dense,False,0.16736701414887176,0.5842316150665283,0.75,1.0,0.0,0.0,1.0,0.0,0.04084232794057552,1.0,0.0,0.0,0.0,0.0,0.0,1.0,0.05263157894736842,0.5,0.622242119957835,duplicate_96e1ad2692d271ac,0.506850353190092,True,True,True,top_gold_match,manual_review,
http://www.google.com/base/feeds/snippets/5731024225928729610,b00062vos4,0.08735764399756052,0.28544697165489197,,1,0.01639344262295082,5,dense,False,0.08735764399756052,0.28544697165489197,0.0,0.3516483516483517,0.0,0.38095238095238093,0.0,0.0,0.03334444814938313,0.0,0.0,0.0,0.0,0.0,0.0,0.0,0.0,1.0,0.014163913911752543,duplicate_f349ca59616bc6af,0.007854313237919297,False,False,False,assumed_no_match,auto_no_match,True
http://www.google.com/base/feeds/snippets/5835993203508446584,b0009hmx36,0.17731866218207648,0.11206834763288498,9,,0.014492753623188406,13,lexical,False,0.17731866218207648,0.11206834763288498,0.15384615384615385,0.49090909090909096,0.0,0.0,0.0,0.0,0.0,1.0,0.0,0.0,0.0,0.0,1.0,0.0,0.1111111111111111,0.0,0.0023469118715550674,duplicate_23037bb12b568609,0.0010055686568163742,False,False,False,assumed_no_match,auto_no_match,True
http://www.google.com/base/feeds/snippets/5836713568200382986,b0001xngz2,0.35153216113038527,0.7238895893096924,3,1,0.032266458495966696,2,lexical+dense,False,0.35153216113038527,0.7238895893096924,0.5,0.5794392523364487,0.0,0.0,1.0,0.0,0.1380737266802304,1.0,0.0,0.0,0.0,0.0,0.0,1.0,0.3333333333333333,1.0,0.1476085457375254,duplicate_e1635f6a308ec12c,0.03477105977047479,True,True,True,top_gold_match,manual_review,
http://www.google.com/base/feeds/snippets/5964541247628078613,b000i8thy4,0.40848861795373703,0.7054294347763062,2,2,0.03225806451612903,2,lexical+dense,False,0.40848861795373703,0.7054294347763062,0.25,0.9090909090909091,0.0,0.0,0.0,1.0,0.0910910910910911,1.0,0.0,0.0,0.0,0.0,0.0,1.0,0.5,0.5,0.2485461441868769,duplicate_d032d35d225d9faa,0.19303923409255652,True,False,True,reranking_miss,manual_review,
http://www.google.com/base/feeds/snippets/5968511357343083164,b000cbqbby,0.3596296003542833,0.7202093005180359,1,1,0.03278688524590164,1,lexical+dense,False,0.3596296003542833,0.7202093005180359,0.2,0.6511627906976745,0.0,0.0,0.0,0.0,0.0,1.0,0.0,0.0,0.0,0.0,1.0,1.0,1.0,1.0,0.05530026251473691,duplicate_133060415967f7bf,0.018593993027306986,True,True,True,top_gold_match,manual_review,
http://www.google.com/base/feeds/snippets/6112214447441479822,b000tilkpc,0.1619729556522635,0.26664578914642334,3,14,0.029386529386529386,3,lexical+dense,False,0.1619729556522635,0.26664578914642334,0.0625,0.512,0.0,0.0,0.0,0.0,0.0,1.0,0.0,0.0,0.0,0.0,1.0,1.0,0.3333333333333333,0.07142857142857142,0.0032044543533209483,duplicate_35874117d1d55920,0.00010240247428959254,False,False,False,assumed_no_match,auto_no_match,True
http://www.google.com/base/feeds/snippets/6320757184409585395,b000g0oom4,0.7154803369618472,0.8187823295593262,1,1,0.03278688524590164,1,lexical+dense,False,0.7154803369618472,0.8187823295593262,0.6428571428571429,1.0,0.0,0.0,0.6666666666666666,1.0,0.1358291457286432,1.0,0.0,0.0,0.0,0.0,0.0,1.0,1.0,1.0,0.7812598296551935,duplicate_3120cd58bb7a5831,0.6579536575260869,True,True,True,top_gold_match,manual_review,
http://www.google.com/base/feeds/snippets/6602957427027083509,b00062vos4,0.08735764399756052,0.28544697165489197,,1,0.01639344262295082,5,dense,False,0.08735764399756052,0.28544697165489197,0.0,0.3516483516483517,0.0,0.38095238095238093,0.0,0.0,0.03334444814938313,0.0,0.0,0.0,0.0,0.0,0.0,0.0,0.0,1.0,0.014163913911752543,duplicate_f349ca59616bc6af,0.007854313237919297,False,False,False,assumed_no_match,auto_no_match,True
http://www.google.com/base/feeds/snippets/664913958514106734,b0001wn18u,0.7503231122898205,0.8716721534729004,1,1,0.03278688524590164,1,lexical+dense,False,0.7503231122898205,0.8716721534729004,0.5714285714285714,0.8695652173913043,0.0,0.0,1.0,0.0,0.004521935736336451,1.0,0.0,0.0,0.0,0.0,0.0,1.0,1.0,1.0,0.8953583196328486,duplicate_86e20012ce787ddd,0.6826969125780626,True,True,True,top_gold_match,manual_review,
http://www.google.com/base/feeds/snippets/6769931882626318801,b00006l3us,0.17453025850406398,0.303749680519104,1,1,0.03278688524590164,1,lexical+dense,False,0.17453025850406398,0.303749680519104,0.07142857142857142,0.3440860215053763,0.0,0.0,0.0,1.0,0.0,1.0,0.0,0.0,1.0,0.0,1.0,1.0,1.0,1.0,0.0006130087067711976,duplicate_6d24e20e48e4ed29,8.704918583803947e-05,False,False,False,assumed_no_match,auto_no_match,True
http://www.google.com/base/feeds/snippets/6936857563759812711,b000205lzm,0.11008084398944716,0.4771957993507385,,2,0.016129032258064516,6,dense,False,0.11008084398944716,0.4771957993507385,0.0,0.36363636363636365,0.0,0.0,0.0,1.0,0.0,1.0,0.0,0.0,1.0,0.0,1.0,0.0,0.0,0.5,0.0007856311612006315,duplicate_24d35ef6169714e1,1.8873216310433412e-05,False,False,False,assumed_no_match,auto_no_match,True
http://www.google.com/base/feeds/snippets/6969073023961253085,b000fer1cq,0.174617109478257,0.2761242389678955,7,,0.014925373134328358,14,lexical,False,0.174617109478257,0.2761242389678955,0.0,0.24,0.0,0.0,0.0,0.0,0.0,1.0,0.0,0.0,0.0,0.0,1.0,0.0,0.14285714285714285,0.0,0.0007001395058339293,duplicate_ba843b84c9824bab,6.105479438245538e-05,False,False,False,assumed_no_match,auto_no_match,True
http://www.google.com/base/feeds/snippets/7139809591155621860,b0001db6i6,0.1449953119448735,0.5118134021759033,11,16,0.027242401779095628,9,lexical+dense,False,0.1449953119448735,0.5118134021759033,0.0,0.2424242424242425,0.0,0.0,0.0,0.0,0.000666777796299369,1.0,0.0,0.0,0.0,0.0,0.0,1.0,0.09090909090909091,0.0625,0.005214709874356681,duplicate_3403102165641ee7,0.0029199021384357375,False,False,False,assumed_no_match,auto_no_match,True
http://www.google.com/base/feeds/snippets/7150077051864937455,b000jx3qxq,0.36407335055786305,0.52232426404953,2,3,0.03200204813108039,3,lexical+dense,False,0.36407335055786305,0.52232426404953,0.4,1.0,0.0,0.0,0.0,0.0,0.1396698349174588,1.0,0.0,0.0,1.0,0.0,0.0,1.0,0.5,0.3333333333333333,0.4030337565991629,duplicate_4c9162b8e9f880b5,0.013119299900980153,True,False,True,reranking_miss,manual_review,
http://www.google.com/base/feeds/snippets/7247732872667648705,b000egmaj4,0.34992317176879534,0.765837550163269,2,1,0.03252247488101534,1,lexical+dense,False,0.34992317176879534,0.765837550163269,0.3333333333333333,1.0,0.0,0.0,0.25,1.0,0.05102551275637817,1.0,0.0,0.0,0.0,0.0,0.0,1.0,0.5,1.0,0.43627774036187206,duplicate_92772e830f86cb36,0.3288187603704593,True,True,True,top_gold_match,manual_review,
http://www.google.com/base/feeds/snippets/725822618923623741,b000fkbhlg,0.5159849822898048,0.7977252006530762,1,1,0.03278688524590164,1,lexical+dense,False,0.5159849822898048,0.7977252006530762,0.7,0.8266666666666667,0.0,0.0,1.0,0.0,0.2334111370456819,1.0,0.0,0.0,0.0,0.0,0.0,1.0,1.0,1.0,0.5618624689870911,duplicate_58212ea596ccc30d,0.5392447394891887,True,True,True,top_gold_match,manual_review,
http://www.google.com/base/feeds/snippets/727817609597268757,b000emcays,0.26231088149702,0.7662032246589661,2,1,0.03252247488101534,2,lexical+dense,False,0.26231088149702,0.7662032246589661,0.5714285714285714,0.8085106382978724,0.0,0.0,0.0,0.0,0.09095043201455208,1.0,0.0,0.0,0.0,0.0,0.0,1.0,0.5,1.0,0.4035692027802769,duplicate_c9da5e52d654ce2d,0.2611469045857251,True,True,True,top_gold_match,manual_review,
http://www.google.com/base/feeds/snippets/7293664946080308091,b00013wgz8,0.03315544768759637,0.4412737786769867,,1,0.01639344262295082,3,dense,False,0.03315544768759637,0.4412737786769867,0.0,0.37142857142857144,0.0,0.0,0.0,0.0,0.05927180355630832,1.0,0.0,0.0,0.0,0.0,0.0,0.0,0.0,1.0,0.004653180898824256,duplicate_7587a6adcadf2417,0.0024287267941611947,False,False,False,assumed_no_match,auto_no_match,True
http://www.google.com/base/feeds/snippets/7516347790713287981,b000m6xk4k,0.2129347079622908,0.49840664863586426,1,6,0.031544957774465976,1,lexical+dense,False,0.2129347079622908,0.49840664863586426,0.2222222222222222,0.8235294117647058,0.0,0.0,0.0,0.0,0.2302302302302302,1.0,0.0,0.0,0.0,0.0,0.0,1.0,1.0,0.16666666666666666,0.07182898896200403,duplicate_2a51074187e53a0b,0.06882556631827678,True,True,True,top_gold_match,manual_review,
http://www.google.com/base/feeds/snippets/7651654029530591686,b000ap0h94,0.2979814665537785,0.6445802450180054,3,2,0.03200204813108039,3,lexical+dense,False,0.2979814665537785,0.6445802450180054,1.0,1.0,0.0,0.0,0.0,0.0,0.2046023011505752,1.0,0.0,0.0,0.0,0.0,0.0,1.0,0.3333333333333333,0.5,0.6829443332960299,duplicate_d5f6b597108f715d,0.19535673918778995,True,True,True,top_gold_match,manual_review,
http://www.google.com/base/feeds/snippets/7653075580455328736,b000qxd2tc,0.40135858899534416,0.8357464075088501,4,1,0.032018442622950824,2,lexical+dense,False,0.40135858899534416,0.8357464075088501,0.6,1.0,0.0,0.0,0.6666666666666666,1.0,0.06864645201625502,1.0,0.0,0.0,0.0,0.0,0.0,1.0,0.25,1.0,0.6437923223047006,duplicate_09fa00f17c86aaa9,0.6028013668130874,True,True,True,top_gold_match,manual_review,
http://www.google.com/base/feeds/snippets/7744548491761569898,b000gw55es,0.15251389293296883,0.4511457681655884,13,6,0.028850145288501453,1,lexical+dense,False,0.15251389293296883,0.4511457681655884,0.625,0.9565217391304348,0.0,0.0,1.0,0.0,0.0,1.0,0.0,0.0,0.0,0.0,0.0,1.0,0.07692307692307693,0.16666666666666666,0.4440649835753548,duplicate_3163b067eb5e9e57,0.4175586287296265,True,True,True,top_gold_match,manual_review,
http://www.google.com/base/feeds/snippets/7928058720709111960,b000ofnri8,0.16414005005553203,0.6172729134559631,,5,0.015384615384615385,11,dense,False,0.16414005005553203,0.6172729134559631,0.18181818181818182,0.5287356321839081,0.0,0.0,1.0,0.0,0.1463584012649708,1.0,0.0,0.0,0.0,0.0,0.0,0.0,0.0,0.2,0.026976701043638012,duplicate_cece849df112b947,0.013717053236498718,True,False,False,retrieval_miss,manual_review,
http://www.google.com/base/feeds/snippets/7972469902462196789,b000o24l3q,0.1740632378980147,0.6059737801551819,10,12,0.02817460317460317,6,lexical+dense,False,0.1740632378980147,0.6059737801551819,0.42857142857142855,0.7234042553191489,0.0,0.0,1.0,0.0,0.02602690641388973,1.0,0.0,0.0,0.0,0.0,0.0,1.0,0.1,0.08333333333333333,0.1836376575761285,duplicate_e1ce63c2dd907a79,0.13767023089849856,True,False,False,retrieval_miss,manual_review,
http://www.google.com/base/feeds/snippets/7991587089506261737,b0006b64v2,0.17992975950729012,0.35717833042144775,1,8,0.031099324975891997,2,lexical+dense,False,0.17992975950729012,0.35717833042144775,0.07142857142857142,0.367816091954023,0.0,0.0,0.0,0.0,0.07551887971993006,1.0,0.0,0.0,0.0,0.0,0.0,1.0,1.0,0.125,0.006038463736018424,duplicate_022c52b53a11e4b4,0.0004885417092713807,False,False,False,assumed_no_match,auto_no_match,True
http://www.google.com/base/feeds/snippets/8261805484012687318,b000eqieik,0.7563119926930857,0.741007924079895,1,2,0.03252247488101534,1,lexical+dense,False,0.7563119926930857,0.741007924079895,0.5714285714285714,0.9454545454545454,0.0,0.0,0.0,0.0,0.09988331388564754,1.0,0.0,0.0,0.0,0.0,0.0,1.0,1.0,0.5,0.8470604388348283,duplicate_1e4068068c0cc777,0.13182220270031642,True,True,True,top_gold_match,manual_review,
http://www.google.com/base/feeds/snippets/8297561352061109811,b000ek6ekq,0.1040335962738845,0.3477958142757416,,4,0.015625,8,dense,False,0.1040335962738845,0.3477958142757416,0.07142857142857142,0.345679012345679,0.0,0.0,0.0,0.0,0.0,1.0,0.0,0.0,0.0,0.0,0.0,0.0,0.0,0.25,0.005854702865232233,duplicate_a1f66f82cb8f26d7,0.0021437669392303025,False,False,False,assumed_no_match,auto_no_match,True
http://www.google.com/base/feeds/snippets/8386703976263776734,b000ej9w0g,0.14059088202725223,0.4601813852787018,16,9,0.027650648360030512,6,lexical+dense,False,0.14059088202725223,0.4601813852787018,0.05555555555555555,0.45,0.0,0.0,0.0,1.0,0.3485507246376811,1.0,0.0,0.0,0.0,0.0,0.0,1.0,0.0625,0.1111111111111111,0.0013462019272928408,duplicate_7eebb4e45c2b68ab,0.0007747184594511662,False,False,False,assumed_no_match,auto_no_match,True
http://www.google.com/base/feeds/snippets/8490519093794101229,b000jx5ppi,0.23890134379332664,0.38941651582717896,3,15,0.029206349206349208,2,lexical+dense,False,0.23890134379332664,0.38941651582717896,0.1,0.7692307692307692,0.0,0.0,0.0,0.0,0.1669449081803005,1.0,0.0,0.0,1.0,0.0,0.0,1.0,0.3333333333333333,0.06666666666666667,0.04302459619137248,duplicate_aca445b7b9a64661,0.03947710136553426,False,False,False,assumed_no_match,manual_review,
http://www.google.com/base/feeds/snippets/8537929685891940919,b000bwbu6u,0.19325770930194716,0.4517665207386017,10,6,0.029437229437229435,6,lexical+dense,False,0.19325770930194716,0.4517665207386017,0.2,0.4390243902439025,0.0,0.0,0.3333333333333333,1.0,0.10105052526263131,1.0,0.0,0.0,0.0,0.0,0.0,1.0,0.1,0.16666666666666666,0.006068571137083665,duplicate_3440b2771cac3b85,0.00026961375944521606,False,False,False,assumed_no_match,auto_no_match,True
http://www.google.com/base/feeds/snippets/8589080476501847235,b000ofnrhy,0.3090077538074147,0.7183626890182495,2,3,0.03200204813108039,3,lexical+dense,False,0.3090077538074147,0.7183626890182495,0.2857142857142857,1.0,0.0,0.0,1.0,0.0,0.09392991239048805,1.0,0.0,0.0,0.0,0.0,0.0,1.0,0.5,0.3333333333333333,0.5269269010504692,duplicate_557f6e1040bfda5b,0.001567720632566827,True,False,True,reranking_miss,manual_review,
http://www.google.com/base/feeds/snippets/8599355760645254344,b000fn6cf4,0.2986744827065097,0.618781566619873,4,7,0.03055037313432836,4,lexical+dense,False,0.2986744827065097,0.618781566619873,0.08333333333333333,0.425531914893617,0.0,0.0,0.0,0.0,0.0008001600320063842,1.0,0.0,0.0,0.0,0.0,0.0,1.0,0.25,0.14285714285714285,0.03424445393138831,duplicate_a9b71db1b8e0929e,0.021263429628880177,False,False,False,assumed_no_match,manual_review,
http://www.google.com/base/feeds/snippets/8642411099663690660,b0009qvgeo,0.6480509551207084,0.5478163361549377,2,3,0.03200204813108039,2,lexical+dense,False,0.6480509551207084,0.5478163361549377,0.42857142857142855,0.9433962264150944,0.0,0.0,0.0,0.0,0.0,1.0,0.0,0.0,0.0,0.0,0.0,1.0,0.5,0.3333333333333333,0.7289428148603582,duplicate_38779c9f33b05de9,0.29162409397017447,False,False,False,assumed_no_match,manual_review,
http://www.google.com/base/feeds/snippets/8829327324895223617,b0001nm7zm,0.3662540544409036,0.49872198700904846,1,5,0.03177805800756621,1,lexical+dense,False,0.3662540544409036,0.49872198700904846,0.42857142857142855,0.9142857142857143,0.0,0.0,0.0,0.0,0.40487839771101575,1.0,0.0,0.0,1.0,0.0,0.0,1.0,1.0,0.2,0.11549691552735275,duplicate_368ec96d0db4afd4,0.11074820900778698,True,True,True,top_gold_match,manual_review,
http://www.google.com/base/feeds/snippets/8894150903607310427,b000b6kxfa,0.34961649641222325,0.6400482058525085,2,1,0.03252247488101534,2,lexical+dense,False,0.34961649641222325,0.6400482058525085,0.35714285714285715,0.9315068493150684,0.0,0.0,0.0,0.0,0.30781069642170056,1.0,0.0,0.0,0.0,0.0,0.0,1.0,0.5,1.0,0.2237836601554847,duplicate_24e0b8c541ada506,0.04947238674331511,True,True,True,top_gold_match,manual_review,
http://www.google.com/base/feeds/snippets/8968352871606641625,b0009n4gx0,0.47174135128796874,0.6050062775611877,1,1,0.03278688524590164,1,lexical+dense,False,0.47174135128796874,0.6050062775611877,0.38461538461538464,0.7123287671232876,0.0,0.0,1.0,0.0,0.03846338766286841,1.0,0.0,0.0,0.0,0.0,0.0,1.0,1.0,1.0,0.30838523762699227,duplicate_b2cc8a3f407aa383,0.29554923662604077,True,True,True,top_gold_match,manual_review,
http://www.google.com/base/feeds/snippets/9193874637345201048,b000bt559q,0.3532842844359875,0.4448760449886322,2,10,0.0304147465437788,5,lexical+dense,False,0.3532842844359875,0.4448760449886322,0.39285714285714285,0.903225806451613,0.0,0.0,0.3333333333333333,1.0,0.10222174101342581,1.0,0.0,0.0,0.0,0.0,0.0,1.0,0.5,0.1,0.1459338032342436,duplicate_38c48f7046c6a2a1,0.12153988936630317,False,False,False,assumed_no_match,manual_review,
http://www.google.com/base/feeds/snippets/9255722138583214734,b000hcxklc,0.3330037017581808,0.6868674755096436,1,1,0.03278688524590164,1,lexical+dense,False,0.3330037017581808,0.6868674755096436,0.75,1.0,0.0,0.0,1.0,0.0,0.0,1.0,0.0,0.0,0.0,0.0,0.0,1.0,1.0,1.0,0.8122203188031197,duplicate_a2b5c711872e8840,0.6805365174490074,True,True,True,top_gold_match,manual_review,
http://www.google.com/base/feeds/snippets/9342175169264415955,b000g3mer8,0.39044376864629937,0.7139310240745544,1,1,0.03278688524590164,1,lexical+dense,False,0.39044376864629937,0.7139310240745544,0.5555555555555556,1.0,0.0,0.0,0.0,0.0,0.10082016403280654,1.0,0.0,0.0,0.0,0.0,0.0,1.0,1.0,1.0,0.6885907071166403,duplicate_2296828fa05ad082,0.6768803652562227,True,True,True,top_gold_match,manual_review,
http://www.google.com/base/feeds/snippets/9484943059410324374,b000bx24o6,0.20293664309596854,0.5433154702186584,8,10,0.028991596638655463,4,lexical+dense,False,0.20293664309596854,0.5433154702186584,0.1111111111111111,0.37168141592920356,0.0,0.0,0.0,0.0,0.013377926421404682,1.0,0.0,0.0,0.0,0.0,0.0,1.0,0.125,0.1,0.01588831034825418,duplicate_414074696944b819,0.010683348576628941,False,False,False,assumed_no_match,auto_no_match,True
http://www.google.com/base/feeds/snippets/9517790340262033681,b000fb9w3a,0.009212374356386221,0.3930535912513733,,9,0.014492753623188406,12,dense,False,0.009212374356386221,0.3930535912513733,0.0625,0.27659574468085113,0.0,0.0,0.0,0.0,0.03846523704202327,1.0,0.0,0.0,0.0,0.0,0.0,0.0,0.0,0.1111111111111111,0.0028604013752913417,duplicate_81705d0a8f7e10fa,0.00014470519188870953,False,False,False,assumed_no_match,auto_no_match,True
http://www.google.com/base/feeds/snippets/9546412497945999317,b000hhvbdq,0.1436206603196795,0.2797642648220062,9,3,0.03036576949620428,3,lexical+dense,False,0.1436206603196795,0.2797642648220062,0.3333333333333333,0.6428571428571428,0.0,0.0,0.0,0.0,0.1041041041041042,1.0,0.0,0.0,0.0,0.0,0.0,1.0,0.1111111111111111,0.3333333333333333,0.027945128234783248,duplicate_83403d090bab7dac,0.010254975215041356,False,False,False,assumed_no_match,manual_review,
http://www.google.com/base/feeds/snippets/9575830162604297862,b000a7q6n8,0.3771001160438088,0.6053475737571716,2,2,0.03225806451612903,2,lexical+dense,False,0.3771001160438088,0.6053475737571716,0.3684210526315789,0.8135593220338982,0.0,0.0,0.0,1.0,0.0,1.0,0.0,0.0,0.0,0.0,1.0,1.0,0.5,0.5,0.05988166402403433,duplicate_a71fa5f412d84bb5,0.004822276634498308,True,True,True,top_gold_match,manual_review,
http://www.google.com/base/feeds/snippets/9592753698712041843,b000k7vio0,0.3557785501345781,0.6327154040336609,1,1,0.03278688524590164,1,lexical+dense,False,0.3557785501345781,0.6327154040336609,0.4444444444444444,1.0,0.0,0.0,1.0,0.0,0.0008001600320063842,1.0,0.0,0.0,0.0,0.0,0.0,1.0,1.0,1.0,0.6798704663080087,duplicate_239faa81466a4465,0.5653470095386823,True,True,True,top_gold_match,manual_review,
http://www.google.com/base/feeds/snippets/9616317575612495489,b00062jdka,0.35741864495299724,0.5031431317329407,1,2,0.03252247488101534,1,lexical+dense,False,0.35741864495299724,0.5031431317329407,0.6666666666666666,1.0,0.0,0.0,1.0,0.0,0.403134378126042,1.0,0.0,0.0,0.0,0.0,0.0,1.0,1.0,0.5,0.2771885530882914,duplicate_e6f1020d64e27c77,0.2189865990247884,True,True,True,top_gold_match,manual_review,
http://www.google.com/base/feeds/snippets/9660795325358759539,b000ivl050,0.5759149319202368,0.7404578328132629,1,2,0.03252247488101534,1,lexical+dense,False,0.5759149319202368,0.7404578328132629,0.14285714285714285,0.8888888888888888,0.0,0.0,0.0,0.0,0.0,1.0,0.0,0.0,0.0,0.0,1.0,1.0,1.0,0.5,0.2740380085125298,duplicate_d61906a395ddf07f,0.18443986417873454,True,False,True,reranking_miss,manual_review,
http://www.google.com/base/feeds/snippets/9675508034468866052,b000fzvv3u,0.74586082624299,0.8435720205307007,1,1,0.03278688524590164,1,lexical+dense,False,0.74586082624299,0.8435720205307007,0.8888888888888888,1.0,0.0,0.0,0.0,0.0,0.040040040040040074,1.0,0.0,0.0,0.0,0.0,0.0,1.0,1.0,1.0,0.9597274711610271,duplicate_0529ecba74e658d5,0.5249005383252454,True,True,True,top_gold_match,manual_review,
http://www.google.com/base/feeds/snippets/9687887699930800156,b000040p1z,0.5577911301499264,0.5881863832473755,3,5,0.03125763125763126,4,lexical+dense,False,0.5577911301499264,0.5881863832473755,0.2857142857142857,0.7906976744186046,0.0,0.0,0.0,1.0,0.0,1.0,0.0,0.0,0.0,0.0,1.0,1.0,0.3333333333333333,0.2,0.07229540858393628,duplicate_5b6fa1762292c5a5,0.007816835459435553,True,False,True,reranking_miss,manual_review,
http://www.google.com/base/feeds/snippets/9859735236279839568,b000gihfyu,0.5687357397223408,0.6487919092178345,1,1,0.03278688524590164,1,lexical+dense,False,0.5687357397223408,0.6487919092178345,0.2857142857142857,0.8222222222222223,0.0,0.0,0.0,0.0,0.10105052526263131,1.0,0.0,0.0,0.0,0.0,0.0,1.0,1.0,1.0,0.41047130555968114,duplicate_26a0be6c06b8ab87,0.40333872619562366,True,True,True,top_gold_match,manual_review,
http://www.google.com/base/feeds/snippets/9889997485442958372,b0001gngl8,0.8396392945781757,0.8771542906761169,1,1,0.03278688524590164,1,lexical+dense,False,0.8396392945781757,0.8771542906761169,0.7142857142857143,0.9047619047619048,0.0,0.0,0.0,0.0,0.33622414943295537,1.0,0.0,0.0,0.0,0.0,0.0,1.0,1.0,1.0,0.7955304448016133,duplicate_dd45b2aa22194964,0.7887606210697199,False,False,False,assumed_no_match,manual_review,
